sample_id,operator,rating,review_date,review_text,sentiment_label,category_label,annotator_notes
BLIND_595,Grameenphone,5,2026-06-12 17:43:37,ধন্যবাদ ফ্রি ১GB দেওয়ার জন্য।,,,
BLIND_434,Banglalink,5,2026-02-08 14:42:27,Nice,,,
BLIND_389,Grameenphone,5,2026-05-08 08:34:44,wonderful app for any recharge,,,
BLIND_531,Banglalink,5,2026-03-12 22:46:45,very good,,,
BLIND_453,Grameenphone,5,2025-10-23 00:01:26,গুড নেটওয়ার্ক ফর কলিং এন্ড ইন্টারনেট ব্রাউজিং,,,
BLIND_325,Banglalink,5,2025-10-23 10:44:24,nc app,,,
BLIND_019,Grameenphone,2,2025-09-28 19:30:33,the lowest internet pack costing 98 tk is ridiculous,,,
BLIND_238,Banglalink,1,2026-01-22 19:36:32,"Mashallah, very beautiful.",,,
BLIND_349,Robi,5,2026-06-05 09:40:30,good,,,
BLIND_433,Robi,5,2026-02-08 23:27:29,good,,,
BLIND_420,Robi,5,2025-08-30 21:52:23,good,,,
BLIND_078,Banglalink,5,2026-03-10 06:08:42,Banglalink fastest 4g নেটওয়ার্ক ❤️❤️❤️,,,
BLIND_047,Robi,5,2025-09-01 19:38:47,support,,,
BLIND_454,Grameenphone,5,2026-01-12 18:25:11,good,,,
BLIND_222,Robi,5,2026-06-04 13:33:44,nice,,,
BLIND_441,Robi,5,2025-10-17 08:40:22,Good,,,
BLIND_136,Grameenphone,5,2025-12-27 13:37:37,nice,,,
BLIND_111,Grameenphone,5,2025-08-27 00:29:13,khali tk besi 🫤,,,
BLIND_384,Robi,5,2026-06-23 11:11:57,good,,,
BLIND_542,Grameenphone,5,2026-01-10 06:30:38,good,,,
BLIND_472,Robi,4,2025-09-17 14:05:31,totaly good,,,
BLIND_119,Robi,5,2025-12-15 10:28:59,good,,,
BLIND_563,Robi,5,2026-02-11 22:02:35,Good,,,
BLIND_548,Grameenphone,5,2025-11-29 08:00:19,nice,,,
BLIND_264,Grameenphone,1,2025-11-14 15:06:16,Not value for the money 😡,,,
BLIND_004,Grameenphone,5,2025-09-02 08:32:03,well come to my GP app,,,
BLIND_437,Grameenphone,5,2026-07-28 11:20:28,nic,,,
BLIND_386,Banglalink,4,2026-08-27 19:57:31,nice,,,
BLIND_054,Robi,5,2025-09-16 00:51:56,Mb bease tk aktu Kom er modde rakiyan,,,
BLIND_072,Grameenphone,5,2026-09-17 22:14:02,good,,,
BLIND_523,Grameenphone,5,2025-11-02 11:00:17,good,,,
BLIND_475,Banglalink,5,2026-02-10 11:57:26,good,,,
BLIND_205,Banglalink,5,2026-03-31 16:15:16,Good apps,,,
BLIND_524,Grameenphone,5,2026-02-26 15:04:15,want 1 day 3 day internet recharge offer more,,,
BLIND_561,Grameenphone,4,2025-12-28 22:09:16,good app,,,
BLIND_255,Grameenphone,5,2026-07-30 00:53:13,great,,,
BLIND_115,Banglalink,5,2026-07-11 22:37:10,well,,,
BLIND_392,Robi,2,2026-03-21 19:36:18,good,,,
BLIND_197,Robi,5,2026-02-24 23:24:18,alhamdullah,,,
BLIND_235,Robi,5,2025-10-06 15:41:56,nine,,,
BLIND_059,Grameenphone,5,2026-07-04 07:57:46,Nice app,,,
BLIND_314,Robi,5,2026-05-29 02:05:45,সবই ঠিক আছে কিন্তু মনে হয় এমভি বেশি খরচ হয় তার চেয়ে এয়ারটেল মনে হয় বেটার,,,
BLIND_439,Robi,5,2026-05-20 14:33:42,good,,,
BLIND_051,Banglalink,5,2025-10-11 13:14:48,Great app with convenient interphases.,,,
BLIND_187,Banglalink,5,2026-06-02 02:29:22,nice,,,
BLIND_516,Grameenphone,1,2026-01-28 20:10:54,complex update,,,
BLIND_343,Banglalink,5,2026-08-10 20:37:58,good,,,
BLIND_009,Grameenphone,5,2025-10-08 14:37:25,nice offer,,,
BLIND_176,Grameenphone,5,2026-05-30 13:24:44,good,,,
BLIND_446,Grameenphone,5,2026-09-20 04:40:28,very Good👍,,,
BLIND_309,Grameenphone,5,2026-06-12 17:48:53,nice,,,
BLIND_348,Grameenphone,5,2025-08-31 16:15:56,good,,,
BLIND_109,Banglalink,5,2026-08-14 12:53:43,thank,,,
BLIND_038,Robi,5,2025-12-30 23:18:28,Very well,,,
BLIND_432,Grameenphone,5,2026-05-31 00:58:58,good like,,,
BLIND_464,Robi,5,2026-08-05 15:58:05,খুব ভালো,,,
BLIND_361,Grameenphone,5,2025-12-27 20:44:05,"I’ve been using the MyGP app for a long time and honestly, it’s one of the best telecom apps in Bangladesh. The interface is clean, fast, and very easy to use. Checking data balance, buying internet packs, recharging, and managing offers—all can be done in just a few taps. What I really like is how smooth and stable the app is. It rarely crashes, and everything works exactly as expected. The personalized offers, usage history, and notifications are also very helpful.",,,
BLIND_112,Robi,5,2026-06-28 09:29:39,very goof,,,
BLIND_049,Grameenphone,5,2025-08-30 22:33:33,good,,,
BLIND_042,Grameenphone,2,2025-11-09 06:34:58,এই এপস টা অনেক ভালো খালি পুটকি মারে,,,
BLIND_511,Banglalink,5,2026-06-17 03:02:17,Good Apps,,,
BLIND_044,Robi,5,2026-04-24 10:42:21,good,,,
BLIND_270,Banglalink,5,2025-11-08 11:03:34,excellent,,,
BLIND_493,Grameenphone,5,2025-12-31 12:25:54,Thank,,,
BLIND_089,Banglalink,5,2026-05-15 20:20:09,good app,,,
BLIND_154,Banglalink,5,2025-10-22 19:38:32,thank,,,
BLIND_518,Robi,5,2025-12-04 19:31:56,nice,,,
BLIND_168,Banglalink,5,2026-01-22 20:36:51,ভালো অফার,,,
BLIND_156,Banglalink,5,2026-07-09 14:15:02,good,,,
BLIND_282,Grameenphone,5,2026-08-20 03:19:24,nlce,,,
BLIND_401,Robi,1,2026-04-17 13:34:06,i Don't like,,,
BLIND_175,Grameenphone,4,2025-11-16 00:32:37,good,,,
BLIND_030,Robi,5,2026-01-21 01:08:19,very good,,,
BLIND_010,Banglalink,4,2025-12-02 19:38:46,verie nice,,,
BLIND_143,Grameenphone,5,2026-03-22 12:43:29,very good,,,
BLIND_292,Grameenphone,5,2026-03-20 00:41:24,wow!,,,
BLIND_395,Robi,5,2025-12-31 17:12:34,অসাধারণ,,,
BLIND_173,Robi,1,2026-04-03 14:08:22,nice,,,
BLIND_098,Grameenphone,5,2026-04-26 19:39:08,গ্রামীণফোনে কলরেট অনেক বেশি মিনিটে টাকা বেশি প্যাকেজগুলো কম দিলে আমার জন্য ভালো হয় আর কি আমি মধ্যবিত্ত পরিবার,,,
BLIND_284,Robi,4,2025-09-19 21:06:27,good,,,
BLIND_075,Robi,5,2026-05-10 04:01:13,good 😊,,,
BLIND_152,Robi,5,2025-09-28 10:06:32,Good,,,
BLIND_022,Robi,5,2025-10-31 12:32:38,Good,,,
BLIND_129,Robi,5,2025-11-23 22:34:43,good,,,
BLIND_132,Robi,5,2026-02-28 20:41:35,Good App,,,
BLIND_372,Grameenphone,5,2026-01-07 08:23:26,@@@@@.. ❤️❤️❤️,,,
BLIND_103,Robi,5,2025-10-22 09:54:31,good,,,
BLIND_067,Robi,5,2026-06-11 15:11:28,good,,,
BLIND_588,Banglalink,5,2025-11-14 22:01:08,good,,,
BLIND_164,Robi,5,2025-12-10 12:27:36,Nice App,,,
BLIND_209,Banglalink,5,2025-10-20 00:05:44,very helpful and performance this banglalink app,,,
BLIND_452,Grameenphone,5,2025-11-21 21:57:03,good app,,,
BLIND_342,Robi,5,2025-09-12 12:11:24,thank you so much.,,,
BLIND_005,Grameenphone,1,2026-05-06 13:20:24,কোনো নেটওয়ার্ক থাকে না ডাটা অন করলে ইমার্জেন্সি হয়ে থাকে,,,
BLIND_015,Banglalink,1,2025-10-07 14:05:09,Now Offer Price Very High. So Sad,,,
BLIND_495,Banglalink,1,2026-09-27 11:15:42,"অনেক খারাপ অবস্থা এপের হেল্প সেন্টার থেকে কোনো রেসপন্স পাওয়া যায় না,",,,
BLIND_221,Grameenphone,5,2026-04-03 23:52:06,good,,,
BLIND_456,Banglalink,5,2026-03-04 13:48:10,good app,,,
BLIND_578,Grameenphone,1,2025-09-06 23:02:41,ভালো কনো ওপার নেই,,,
BLIND_459,Banglalink,5,2026-05-23 05:35:29,best bl my bl,,,
BLIND_128,Banglalink,5,2026-04-13 20:08:00,excellent,,,
BLIND_408,Banglalink,5,2025-12-04 19:15:42,Nice app,,,
BLIND_529,Banglalink,5,2025-10-14 09:41:00,নাইস,,,
BLIND_113,Robi,5,2026-05-14 07:18:55,good app🥰,,,
BLIND_159,Grameenphone,5,2025-09-09 21:08:46,good,,,
BLIND_339,Banglalink,5,2026-03-23 04:19:46,great app,,,
BLIND_558,Banglalink,4,2026-03-12 11:51:26,good apps,,,
BLIND_513,Robi,3,2025-09-29 22:21:12,There would be a 5 day pack as well.,,,
BLIND_153,Banglalink,5,2026-03-14 20:32:20,অনেক ভালো,,,
BLIND_378,Robi,4,2025-11-11 23:38:41,nice,,,
BLIND_474,Banglalink,5,2026-03-18 05:21:01,I'm happy bl,,,
BLIND_141,Grameenphone,5,2025-12-13 19:47:06,Grameen manei awesome 👌,,,
BLIND_121,Grameenphone,4,2026-01-09 12:20:38,wonderful,,,
BLIND_430,Robi,5,2026-01-08 22:54:25,josss❤️😍🥰😍,,,
BLIND_489,Robi,5,2026-09-06 14:56:56,good,,,
BLIND_108,Banglalink,5,2025-11-08 06:19:29,Nice app all good,,,
BLIND_424,Grameenphone,5,2025-08-29 14:56:20,Give my Gp Apps,,,
BLIND_317,Banglalink,5,2026-08-06 15:36:01,good 💯,,,
BLIND_116,Banglalink,5,2025-11-06 22:21:23,Giving feedback,,,
BLIND_148,Robi,5,2025-12-26 00:23:15,good,,,
BLIND_253,Grameenphone,5,2025-09-11 06:45:26,best,,,
BLIND_127,Robi,5,2025-12-14 22:55:45,Valo,,,
BLIND_085,Grameenphone,5,2025-08-29 02:43:28,মাই জিপি অ্যাপসে ঢুকতে পারতেছি না 😂😂,,,
BLIND_391,Banglalink,5,2025-10-13 22:55:16,eg my bl app,,,
BLIND_257,Banglalink,5,2025-11-10 21:30:37,nice,,,
BLIND_371,Robi,5,2025-10-29 01:23:34,good,,,
BLIND_123,Banglalink,5,2026-01-22 01:04:41,wow😍,,,
BLIND_304,Robi,3,2026-04-13 07:24:51,good but sometimes not working,,,
BLIND_171,Banglalink,5,2026-01-27 11:19:18,good❤️❤️,,,
BLIND_086,Grameenphone,5,2026-09-20 12:57:35,Joss App,,,
BLIND_182,Banglalink,5,2025-10-20 20:13:45,good,,,
BLIND_133,Grameenphone,5,2025-10-19 13:40:07,valo,,,
BLIND_280,Robi,5,2026-09-04 07:30:24,good,,,
BLIND_118,Grameenphone,3,2025-09-07 00:01:22,Good,,,
BLIND_476,Banglalink,5,2026-03-29 05:47:21,Great,,,
BLIND_142,Banglalink,5,2026-05-28 15:39:03,best luck,,,
BLIND_008,Robi,5,2025-12-21 21:08:46,good app,,,
BLIND_519,Grameenphone,5,2025-09-13 04:20:46,best app Bangladesh my gp,,,
BLIND_106,Robi,3,2025-09-09 21:16:00,Good but price is some high,,,
BLIND_444,Grameenphone,1,2025-09-14 14:41:45,best Offer app,,,
BLIND_027,Grameenphone,5,2025-11-07 13:23:03,Everything is just fine in normal numbers but in corporate there are no offers,,,
BLIND_583,Robi,5,2025-10-20 18:34:40,good,,,
BLIND_574,Banglalink,5,2026-09-26 21:24:33,md najmul,,,
BLIND_057,Banglalink,5,2026-04-10 21:27:17,nice App,,,
BLIND_087,Grameenphone,5,2026-04-06 00:01:02,good,,,
BLIND_003,Robi,5,2026-04-21 23:19:04,goods apps,,,
BLIND_543,Banglalink,5,2026-08-04 22:18:59,nic,,,
BLIND_071,Banglalink,4,2026-03-03 12:52:24,valo,,,
BLIND_100,Grameenphone,5,2026-02-25 13:15:11,Good Offer,,,
BLIND_541,Robi,5,2026-07-31 03:57:07,just wow,,,
BLIND_425,Robi,5,2025-10-19 14:33:52,nice,,,
BLIND_526,Robi,5,2026-09-07 22:05:23,nice 🇧🇩,,,
BLIND_215,Banglalink,5,2026-06-13 18:11:03,good,,,
BLIND_521,Robi,5,2026-02-28 17:25:14,i hope Better scarves,,,
BLIND_186,Banglalink,5,2026-04-18 21:12:49,good,,,
BLIND_462,Grameenphone,3,2026-01-14 17:05:41,আপনাদের অফার গুলো ও কিছু এলাকায় ইন্টারনেট স্পীড ভালো না,,,
BLIND_382,Banglalink,5,2026-04-09 05:46:40,good,,,
BLIND_099,Robi,5,2025-12-19 14:15:19,Nice apps,,,
BLIND_214,Grameenphone,5,2026-01-05 10:00:50,so adorable,,,
BLIND_468,Robi,2,2026-08-09 23:06:29,wow,,,
BLIND_539,Grameenphone,5,2026-04-25 22:05:52,good,,,
BLIND_287,Banglalink,5,2026-01-22 19:39:41,wow,,,
BLIND_364,Grameenphone,5,2025-09-12 12:55:26,খুবই ভালো,,,
BLIND_440,Grameenphone,5,2025-09-22 14:33:02,Love you 💚❤️,,,
BLIND_479,Banglalink,5,2026-09-02 06:53:01,good,,,
BLIND_554,Banglalink,5,2026-01-13 17:57:40,❤️❤️❤️❤️❤️❤️❤️ অনেক সুন্দর ❤️,,,
BLIND_254,Robi,1,2025-09-02 19:44:48,good,,,
BLIND_074,Banglalink,5,2026-04-14 02:57:52,nice.,,,
BLIND_428,Banglalink,5,2026-03-04 14:33:51,Good,,,
BLIND_199,Robi,5,2026-04-05 12:09:34,nice 👍,,,
BLIND_162,Banglalink,5,2026-04-11 15:29:18,Ossam,,,
BLIND_105,Grameenphone,5,2026-01-10 17:55:50,good,,,
BLIND_368,Banglalink,5,2026-01-12 16:07:31,good,,,
BLIND_229,Grameenphone,3,2025-11-04 09:02:16,nice,,,
BLIND_540,Robi,4,2025-09-24 22:40:13,very Good,,,
BLIND_125,Grameenphone,5,2026-09-20 22:43:41,Ok good 😊,,,
BLIND_239,Robi,5,2026-02-25 19:25:01,🙂Goob,,,
BLIND_188,Robi,1,2026-01-23 12:15:44,good,,,
BLIND_018,Banglalink,5,2026-09-03 01:09:45,so good,,,
BLIND_092,Robi,5,2026-05-09 15:34:47,Useful App,,,
BLIND_260,Banglalink,5,2026-01-13 21:24:01,darun,,,
BLIND_094,Banglalink,5,2026-01-29 14:42:47,I love Banglalink ❤️🌿,,,
BLIND_033,Grameenphone,1,2025-08-30 20:08:30,কোন ডিসকাউন্ট নাই তাই খুব খারাপ লাগছে।,,,
BLIND_569,Robi,5,2025-12-21 15:54:40,good,,,
BLIND_169,Robi,5,2025-11-08 08:50:04,noic,,,
BLIND_338,Grameenphone,5,2025-08-25 12:16:32,good,,,
BLIND_370,Banglalink,5,2025-10-24 04:33:05,nice app,,,
BLIND_249,Grameenphone,5,2026-03-28 06:06:50,Great,,,
BLIND_124,Robi,5,2026-01-04 11:24:17,Robi & Airtel both are very useful for us,,,
BLIND_550,Robi,5,2025-12-11 23:22:39,good,,,
BLIND_293,Banglalink,5,2025-10-08 20:57:11,nice,,,
BLIND_035,Grameenphone,5,2026-01-07 12:49:36,good,,,
BLIND_277,Robi,5,2026-08-07 16:53:43,good,,,
BLIND_445,Banglalink,4,2026-01-23 15:54:09,2nd bl best,,,
BLIND_514,Banglalink,5,2026-03-15 10:39:44,good,,,
BLIND_140,Grameenphone,5,2026-04-15 19:10:26,exhalent,,,
BLIND_285,Banglalink,5,2025-10-25 00:23:36,😀😀😀😀,,,
BLIND_427,Banglalink,5,2026-04-09 21:16:53,Good quality,,,
BLIND_316,Grameenphone,5,2026-01-31 12:28:27,good,,,
BLIND_538,Banglalink,5,2025-10-18 17:22:38,good,,,
