sample_id,operator,rating,review_date,review_text,sentiment_label,category_label,annotator_notes
BLIND_001,Grameenphone,5,2026-05-17 19:17:58,Good,,,
BLIND_002,Robi,5,2025-12-19 07:58:01,good,,,
BLIND_003,Robi,5,2026-04-21 23:19:04,goods apps,,,
BLIND_004,Grameenphone,5,2025-09-02 08:32:03,well come to my GP app,,,
BLIND_005,Grameenphone,1,2026-05-06 13:20:24,কোনো নেটওয়ার্ক থাকে না ডাটা অন করলে ইমার্জেন্সি হয়ে থাকে,,,
BLIND_006,Banglalink,5,2026-04-09 15:00:08,EXCELLENT,,,
BLIND_007,Grameenphone,5,2025-09-02 21:05:12,Good app,,,
BLIND_008,Robi,5,2025-12-21 21:08:46,good app,,,
BLIND_009,Grameenphone,5,2025-10-08 14:37:25,nice offer,,,
BLIND_010,Banglalink,4,2025-12-02 19:38:46,verie nice,,,
BLIND_011,Grameenphone,5,2026-03-10 02:55:44,ভাল,,,
BLIND_012,Grameenphone,5,2025-08-27 10:53:08,good,,,
BLIND_013,Grameenphone,5,2025-12-31 11:15:18,onno Operatorsder cheye aponader khoros sob somoy beshi thake keno? aponader network beshi seidik theke aponarai to sobar theke khoros kom neyar kotha.,,,
BLIND_014,Robi,5,2026-03-02 15:47:58,Good,,,
BLIND_015,Banglalink,1,2025-10-07 14:05:09,Now Offer Price Very High. So Sad,,,
BLIND_016,Banglalink,5,2026-04-16 12:11:18,nice aps,,,
BLIND_017,Grameenphone,5,2026-05-30 01:24:47,Amazing this app,,,
BLIND_018,Banglalink,5,2026-09-03 01:09:45,so good,,,
BLIND_019,Grameenphone,2,2025-09-28 19:30:33,the lowest internet pack costing 98 tk is ridiculous,,,
BLIND_020,Grameenphone,5,2025-12-24 09:48:57,nice,,,
BLIND_021,Grameenphone,1,2026-06-18 09:00:46,bad,,,
BLIND_022,Robi,5,2025-10-31 12:32:38,Good,,,
BLIND_023,Robi,5,2026-06-25 10:52:04,very good,,,
BLIND_024,Robi,5,2026-08-11 00:44:25,Good,,,
BLIND_025,Banglalink,1,2025-11-01 18:11:50,"The very worst network even in Dhaka, Network continuously shifts to 2G, very frustrated 😡😡",,,
BLIND_026,Robi,5,2026-05-29 16:43:50,good,,,
BLIND_027,Grameenphone,5,2025-11-07 13:23:03,Everything is just fine in normal numbers but in corporate there are no offers,,,
BLIND_028,Grameenphone,1,2026-05-26 22:14:17,"ফালতু একটা সিম কোম্পানি, উপায় নাই তাই ব্যবহার করি,",,,
BLIND_029,Robi,5,2025-10-31 23:10:17,good,,,
BLIND_030,Robi,5,2026-01-21 01:08:19,very good,,,
BLIND_031,Robi,5,2025-12-28 22:11:13,good internet network 👍👍👍,,,
BLIND_032,Grameenphone,5,2025-12-02 18:24:37,app for Android phone good performance good 👍😊😊,,,
BLIND_033,Grameenphone,1,2025-08-30 20:08:30,কোন ডিসকাউন্ট নাই তাই খুব খারাপ লাগছে।,,,
BLIND_034,Banglalink,5,2026-08-11 17:12:31,nice,,,
BLIND_035,Grameenphone,5,2026-01-07 12:49:36,good,,,
BLIND_036,Robi,5,2026-03-16 23:02:38,my love Robi,,,
BLIND_037,Grameenphone,5,2025-09-23 14:21:49,good app,,,
BLIND_038,Robi,5,2025-12-30 23:18:28,Very well,,,
BLIND_039,Robi,5,2025-12-19 07:21:13,wow,,,
BLIND_040,Banglalink,5,2026-05-09 22:02:54,best offer,,,
BLIND_041,Banglalink,5,2025-11-10 21:32:50,good sim Banglalink,,,
BLIND_042,Grameenphone,2,2025-11-09 06:34:58,এই এপস টা অনেক ভালো খালি পুটকি মারে,,,
BLIND_043,Robi,5,2026-04-16 14:11:43,good,,,
BLIND_044,Robi,5,2026-04-24 10:42:21,good,,,
BLIND_045,Grameenphone,1,2026-02-22 08:20:59,bad network,,,
BLIND_046,Grameenphone,5,2026-05-09 11:35:40,its a good,,,
BLIND_047,Robi,5,2025-09-01 19:38:47,support,,,
BLIND_048,Grameenphone,5,2025-09-14 14:29:10,nice 👍,,,
BLIND_049,Grameenphone,5,2025-08-30 22:33:33,good,,,
BLIND_050,Robi,5,2026-02-16 17:22:27,khuv balo,,,
BLIND_051,Banglalink,5,2025-10-11 13:14:48,Great app with convenient interphases.,,,
BLIND_052,Banglalink,5,2025-11-30 16:59:46,bad,,,
BLIND_053,Grameenphone,5,2026-05-20 00:16:21,গুড,,,
BLIND_054,Robi,5,2025-09-16 00:51:56,Mb bease tk aktu Kom er modde rakiyan,,,
BLIND_055,Robi,5,2026-01-29 07:50:15,4g Active,,,
BLIND_056,Banglalink,5,2026-01-12 20:38:31,very good app for users.,,,
BLIND_057,Banglalink,5,2026-04-10 21:27:17,nice App,,,
BLIND_058,Grameenphone,5,2026-05-14 14:21:08,❤️❤️,,,
BLIND_059,Grameenphone,5,2026-07-04 07:57:46,Nice app,,,
BLIND_060,Grameenphone,5,2026-01-22 20:18:32,I Love MYGP,,,
BLIND_061,Grameenphone,1,2026-01-16 07:43:31,nice,,,
BLIND_062,Grameenphone,5,2026-08-27 09:45:37,good apps,,,
BLIND_063,Banglalink,5,2025-11-30 20:23:28,Best App's,,,
BLIND_064,Robi,5,2026-05-22 16:51:00,good 👍,,,
BLIND_065,Robi,2,2026-05-29 22:11:40,nice ap,,,
BLIND_066,Grameenphone,5,2026-04-07 11:52:49,Really great app,,,
BLIND_067,Robi,5,2026-06-11 15:11:28,good,,,
BLIND_068,Robi,5,2025-10-17 17:01:14,Thank you.,,,
BLIND_069,Grameenphone,5,2025-08-26 00:15:26,perfect,,,
BLIND_070,Banglalink,5,2026-03-07 05:56:12,nice app for all,,,
BLIND_071,Banglalink,4,2026-03-03 12:52:24,valo,,,
BLIND_072,Grameenphone,5,2026-09-17 22:14:02,good,,,
BLIND_073,Robi,5,2025-12-14 13:48:18,good,,,
BLIND_074,Banglalink,5,2026-04-14 02:57:52,nice.,,,
BLIND_075,Robi,5,2026-05-10 04:01:13,good 😊,,,
BLIND_076,Robi,5,2025-12-18 21:21:33,খুব ভালো অফার ছিলো,,,
BLIND_077,Banglalink,5,2025-11-04 19:25:08,nice app's,,,
BLIND_078,Banglalink,5,2026-03-10 06:08:42,Banglalink fastest 4g নেটওয়ার্ক ❤️❤️❤️,,,
BLIND_079,Robi,5,2025-11-29 12:55:24,better offers than jarmeen phone and others,,,
BLIND_080,Robi,5,2025-10-01 20:45:45,well,,,
BLIND_081,Banglalink,5,2026-09-27 11:50:17,ভালো,,,
BLIND_082,Robi,5,2026-01-24 17:08:17,Very good,,,
BLIND_083,Robi,5,2025-11-23 19:51:47,good,,,
BLIND_084,Banglalink,5,2026-03-04 08:33:31,Very useful and handy app,,,
BLIND_085,Grameenphone,5,2025-08-29 02:43:28,মাই জিপি অ্যাপসে ঢুকতে পারতেছি না 😂😂,,,
BLIND_086,Grameenphone,5,2026-09-20 12:57:35,Joss App,,,
BLIND_087,Grameenphone,5,2026-04-06 00:01:02,good,,,
BLIND_088,Banglalink,5,2026-01-21 20:22:49,good,,,
BLIND_089,Banglalink,5,2026-05-15 20:20:09,good app,,,
BLIND_090,Banglalink,5,2026-03-14 20:43:39,goid,,,
BLIND_091,Banglalink,5,2025-10-13 00:00:44,nice,,,
BLIND_092,Robi,5,2026-05-09 15:34:47,Useful App,,,
BLIND_093,Grameenphone,1,2025-11-15 19:09:53,"খুবই বাজে , পুরাতন userদের জন্য বাজে offer দিয়ে রাখে । I'm so disappointed.",,,
BLIND_094,Banglalink,5,2026-01-29 14:42:47,I love Banglalink ❤️🌿,,,
BLIND_095,Banglalink,5,2026-06-08 02:03:32,best deal,,,
BLIND_096,Banglalink,5,2026-08-07 23:20:37,good,,,
BLIND_097,Banglalink,5,2025-10-12 13:07:07,nice,,,
BLIND_098,Grameenphone,5,2026-04-26 19:39:08,গ্রামীণফোনে কলরেট অনেক বেশি মিনিটে টাকা বেশি প্যাকেজগুলো কম দিলে আমার জন্য ভালো হয় আর কি আমি মধ্যবিত্ত পরিবার,,,
BLIND_099,Robi,5,2025-12-19 14:15:19,Nice apps,,,
BLIND_100,Grameenphone,5,2026-02-25 13:15:11,Good Offer,,,
BLIND_101,Grameenphone,5,2025-08-27 20:50:55,good,,,
BLIND_102,Banglalink,5,2026-02-01 14:24:39,good app,,,
BLIND_103,Robi,5,2025-10-22 09:54:31,good,,,
BLIND_104,Banglalink,5,2026-02-01 18:45:25,nicr,,,
BLIND_105,Grameenphone,5,2026-01-10 17:55:50,good,,,
BLIND_106,Robi,3,2025-09-09 21:16:00,Good but price is some high,,,
BLIND_107,Grameenphone,1,2026-08-03 09:40:54,nice,,,
BLIND_108,Banglalink,5,2025-11-08 06:19:29,Nice app all good,,,
BLIND_109,Banglalink,5,2026-08-14 12:53:43,thank,,,
BLIND_110,Robi,5,2026-01-01 00:28:05,nice,,,
BLIND_111,Grameenphone,5,2025-08-27 00:29:13,khali tk besi 🫤,,,
BLIND_112,Robi,5,2026-06-28 09:29:39,very goof,,,
BLIND_113,Robi,5,2026-05-14 07:18:55,good app🥰,,,
BLIND_114,Robi,5,2026-01-07 11:42:36,it's good 😊,,,
BLIND_115,Banglalink,5,2026-07-11 22:37:10,well,,,
BLIND_116,Banglalink,5,2025-11-06 22:21:23,Giving feedback,,,
BLIND_117,Banglalink,5,2025-11-10 22:20:36,nice apps,,,
BLIND_118,Grameenphone,3,2025-09-07 00:01:22,Good,,,
BLIND_119,Robi,5,2025-12-15 10:28:59,good,,,
BLIND_120,Robi,5,2026-03-11 11:55:05,Really very satisfied service for all everythings.,,,
BLIND_121,Grameenphone,4,2026-01-09 12:20:38,wonderful,,,
BLIND_122,Grameenphone,5,2025-11-27 07:31:21,Nice Apps,,,
BLIND_123,Banglalink,5,2026-01-22 01:04:41,wow😍,,,
BLIND_124,Robi,5,2026-01-04 11:24:17,Robi & Airtel both are very useful for us,,,
BLIND_125,Grameenphone,5,2026-09-20 22:43:41,Ok good 😊,,,
BLIND_126,Grameenphone,1,2025-10-09 18:00:07,আশরাফ আহমেদ,,,
BLIND_127,Robi,5,2025-12-14 22:55:45,Valo,,,
BLIND_128,Banglalink,5,2026-04-13 20:08:00,excellent,,,
BLIND_129,Robi,5,2025-11-23 22:34:43,good,,,
BLIND_130,Robi,5,2025-11-07 07:11:22,good,,,
BLIND_131,Grameenphone,5,2026-02-14 19:55:47,good,,,
BLIND_132,Robi,5,2026-02-28 20:41:35,Good App,,,
BLIND_133,Grameenphone,5,2025-10-19 13:40:07,valo,,,
BLIND_134,Grameenphone,5,2026-01-05 00:09:41,good,,,
BLIND_135,Robi,5,2025-12-14 09:36:42,good,,,
BLIND_136,Grameenphone,5,2025-12-27 13:37:37,nice,,,
BLIND_137,Grameenphone,2,2026-03-21 19:43:33,গুড,,,
BLIND_138,Grameenphone,5,2026-05-09 11:34:46,very good app to use,,,
BLIND_139,Banglalink,5,2026-06-27 16:09:25,Best ❤️‍🩹,,,
BLIND_140,Grameenphone,5,2026-04-15 19:10:26,exhalent,,,
BLIND_141,Grameenphone,5,2025-12-13 19:47:06,Grameen manei awesome 👌,,,
BLIND_142,Banglalink,5,2026-05-28 15:39:03,best luck,,,
BLIND_143,Grameenphone,5,2026-03-22 12:43:29,very good,,,
BLIND_144,Grameenphone,5,2025-12-31 15:23:34,Best app,,,
BLIND_145,Robi,5,2026-04-18 18:56:52,good 👍🤩🤩🤩😍🤩😍😍🤩🤩😍😍🤩😍🤩😍🤩😍🤩😍🤩😍😍🤩🤩😍😍😍😍😍😍,,,
BLIND_146,Grameenphone,1,2026-06-12 12:02:42,the only good thing about gp is that they have the best coverage.. other than that everything is bad about them.,,,
BLIND_147,Banglalink,5,2025-11-07 06:39:04,nice,,,
BLIND_148,Robi,5,2025-12-26 00:23:15,good,,,
BLIND_149,Grameenphone,2,2025-08-24 08:55:22,goid,,,
BLIND_150,Grameenphone,5,2025-10-04 01:37:34,good,,,
BLIND_151,Robi,5,2025-10-31 17:30:08,so good,,,
BLIND_152,Robi,5,2025-09-28 10:06:32,Good,,,
BLIND_153,Banglalink,5,2026-03-14 20:32:20,অনেক ভালো,,,
BLIND_154,Banglalink,5,2025-10-22 19:38:32,thank,,,
BLIND_155,Robi,5,2025-10-18 22:20:38,গুড,,,
BLIND_156,Banglalink,5,2026-07-09 14:15:02,good,,,
BLIND_157,Grameenphone,5,2025-12-01 01:27:11,nice,,,
BLIND_158,Robi,5,2025-12-15 20:52:34,ভালো,,,
BLIND_159,Grameenphone,5,2025-09-09 21:08:46,good,,,
BLIND_160,Grameenphone,5,2025-10-09 13:15:28,useful app,,,
BLIND_161,Banglalink,5,2026-06-13 03:01:15,nice,,,
BLIND_162,Banglalink,5,2026-04-11 15:29:18,Ossam,,,
BLIND_163,Grameenphone,5,2026-02-12 16:18:21,best operator✨,,,
BLIND_164,Robi,5,2025-12-10 12:27:36,Nice App,,,
BLIND_165,Banglalink,5,2026-01-26 18:34:26,good,,,
BLIND_166,Grameenphone,5,2025-11-26 13:42:13,"I purchased a 10GB data package for 200 BDT, valid for 30 days. However, it ceased functioning after only one day. i need an proper answer",,,
BLIND_167,Banglalink,5,2026-03-28 21:48:02,nice,,,
BLIND_168,Banglalink,5,2026-01-22 20:36:51,ভালো অফার,,,
BLIND_169,Robi,5,2025-11-08 08:50:04,noic,,,
BLIND_170,Banglalink,5,2025-11-10 22:10:32,package rate ki komano jai na,,,
BLIND_171,Banglalink,5,2026-01-27 11:19:18,good❤️❤️,,,
BLIND_172,Banglalink,5,2026-02-10 11:56:44,good,,,
BLIND_173,Robi,1,2026-04-03 14:08:22,nice,,,
BLIND_174,Robi,5,2026-03-11 07:58:48,good,,,
BLIND_175,Grameenphone,4,2025-11-16 00:32:37,good,,,
BLIND_176,Grameenphone,5,2026-05-30 13:24:44,good,,,
BLIND_177,Robi,5,2026-08-04 18:21:18,সুন্দর,,,
BLIND_178,Grameenphone,5,2026-01-12 16:55:13,i love it,,,
BLIND_179,Grameenphone,5,2026-06-15 11:37:41,Excellent!,,,
BLIND_180,Banglalink,5,2026-03-18 13:23:01,অনেক ভালো,,,
BLIND_181,Grameenphone,5,2026-04-30 21:26:50,Excellent & very useful App.,,,
BLIND_182,Banglalink,5,2025-10-20 20:13:45,good,,,
BLIND_183,Robi,5,2026-05-28 00:33:00,amazing 😍,,,
BLIND_184,Robi,5,2026-08-07 23:33:08,Good,,,
BLIND_185,Robi,5,2025-11-29 19:35:34,Excellent,,,
BLIND_186,Banglalink,5,2026-04-18 21:12:49,good,,,
BLIND_187,Banglalink,5,2026-06-02 02:29:22,nice,,,
BLIND_188,Robi,1,2026-01-23 12:15:44,good,,,
BLIND_189,Banglalink,5,2026-05-15 09:18:58,good app,,,
BLIND_190,Banglalink,5,2026-04-11 19:24:10,I'm so excited,,,
BLIND_191,Robi,5,2025-11-03 22:09:28,nice,,,
BLIND_192,Robi,5,2026-07-15 00:12:21,good,,,
BLIND_193,Grameenphone,5,2026-04-12 17:16:27,i love you,,,
BLIND_194,Banglalink,5,2026-01-16 07:47:24,good sim,,,
BLIND_195,Robi,5,2026-07-16 11:39:55,nice,,,
BLIND_196,Banglalink,5,2026-04-02 15:07:39,❤️❤️❤️❤️,,,
BLIND_197,Robi,5,2026-02-24 23:24:18,alhamdullah,,,
BLIND_198,Banglalink,5,2026-05-23 09:58:24,good,,,
BLIND_199,Robi,5,2026-04-05 12:09:34,nice 👍,,,
BLIND_200,Grameenphone,5,2026-06-20 09:23:21,Good,,,
BLIND_201,Grameenphone,5,2026-04-23 11:45:49,"the best for the relax,,,",,,
BLIND_202,Robi,5,2025-11-07 22:29:20,good,,,
BLIND_203,Robi,5,2025-11-30 19:22:42,GOOD APP,,,
BLIND_204,Grameenphone,1,2026-03-21 19:14:35,Only high Prize offer in this app🤬🤬,,,
BLIND_205,Banglalink,5,2026-03-31 16:15:16,Good apps,,,
BLIND_206,Banglalink,5,2026-07-17 06:36:37,Good Apps,,,
BLIND_207,Banglalink,5,2026-01-26 00:13:46,onek vlo service dey,,,
BLIND_208,Banglalink,5,2026-04-05 15:30:30,So 👍,,,
BLIND_209,Banglalink,5,2025-10-20 00:05:44,very helpful and performance this banglalink app,,,
BLIND_210,Robi,5,2026-01-11 17:52:24,নাইছ,,,
BLIND_211,Robi,1,2025-10-16 10:27:46,wow,,,
BLIND_212,Robi,5,2025-11-22 14:53:34,Nice,,,
BLIND_213,Robi,5,2026-01-12 22:56:26,valo,,,
BLIND_214,Grameenphone,5,2026-01-05 10:00:50,so adorable,,,
BLIND_215,Banglalink,5,2026-06-13 18:11:03,good,,,
BLIND_216,Grameenphone,4,2026-02-21 23:58:02,great,,,
BLIND_217,Banglalink,5,2026-01-17 17:46:01,not good,,,
BLIND_218,Grameenphone,1,2026-05-05 21:38:07,"My GP's internet offers are very expensive, so my request is that if the rates of the internet offers are reduced, it will be better for our common users.",,,
BLIND_219,Robi,5,2026-03-16 05:49:46,good,,,
BLIND_220,Grameenphone,5,2026-07-25 09:47:53,good,,,
BLIND_221,Grameenphone,5,2026-04-03 23:52:06,good,,,
BLIND_222,Robi,5,2026-06-04 13:33:44,nice,,,
BLIND_223,Grameenphone,5,2026-09-19 16:55:41,যণঢচচ,,,
BLIND_224,Banglalink,4,2026-02-18 00:57:32,very helpful aps,,,
BLIND_225,Banglalink,5,2026-06-15 04:13:05,onek valo,,,
BLIND_226,Robi,5,2026-08-13 20:05:30,good,,,
BLIND_227,Banglalink,5,2025-09-18 14:54:53,good,,,
BLIND_228,Banglalink,5,2026-04-18 22:07:43,OTP,,,
BLIND_229,Grameenphone,3,2025-11-04 09:02:16,nice,,,
BLIND_230,Banglalink,5,2026-03-08 23:48:07,good,,,
BLIND_231,Grameenphone,5,2025-12-14 22:54:08,good,,,
BLIND_232,Robi,5,2026-06-30 23:34:07,nice,,,
BLIND_233,Banglalink,5,2026-03-16 00:03:40,Best,,,
BLIND_234,Robi,5,2026-08-29 00:58:40,Nice,,,
BLIND_235,Robi,5,2025-10-06 15:41:56,nine,,,
BLIND_236,Grameenphone,5,2026-07-07 09:20:50,nice,,,
BLIND_237,Robi,5,2025-10-28 20:51:20,খুব ভালো,,,
BLIND_238,Banglalink,1,2026-01-22 19:36:32,"Mashallah, very beautiful.",,,
BLIND_239,Robi,5,2026-02-25 19:25:01,🙂Goob,,,
BLIND_240,Banglalink,3,2025-12-06 20:16:39,good,,,
BLIND_241,Robi,5,2026-07-17 15:37:25,good,,,
BLIND_242,Banglalink,5,2026-03-29 23:39:07,অনেক সুন্দর,,,
BLIND_243,Robi,5,2025-12-12 19:14:01,good app,,,
BLIND_244,Grameenphone,5,2026-06-14 18:53:35,Good,,,
BLIND_245,Grameenphone,5,2026-04-26 13:05:25,good,,,
BLIND_246,Banglalink,5,2026-07-07 23:06:02,nice Apps,,,
BLIND_247,Robi,5,2026-06-09 01:26:11,this is a great application,,,
BLIND_248,Robi,5,2026-01-17 10:46:30,good,,,
BLIND_249,Grameenphone,5,2026-03-28 06:06:50,Great,,,
BLIND_250,Grameenphone,5,2026-08-28 23:13:56,nice,,,
BLIND_251,Grameenphone,5,2025-09-15 19:52:16,good Apps,,,
BLIND_252,Grameenphone,5,2025-09-01 23:23:59,good luck to you too app,,,
BLIND_253,Grameenphone,5,2025-09-11 06:45:26,best,,,
BLIND_254,Robi,1,2025-09-02 19:44:48,good,,,
BLIND_255,Grameenphone,5,2026-07-30 00:53:13,great,,,
BLIND_256,Grameenphone,1,2026-02-14 20:31:04,ভালো,,,
BLIND_257,Banglalink,5,2025-11-10 21:30:37,nice,,,
BLIND_258,Banglalink,5,2026-09-04 20:06:52,masud,,,
BLIND_259,Grameenphone,1,2026-02-11 09:08:29,great app,,,
BLIND_260,Banglalink,5,2026-01-13 21:24:01,darun,,,
BLIND_261,Banglalink,5,2026-07-11 22:47:52,good,,,
BLIND_262,Banglalink,5,2026-01-29 01:55:32,very good,,,
BLIND_263,Robi,5,2025-10-10 13:19:29,nice,,,
BLIND_264,Grameenphone,1,2025-11-14 15:06:16,Not value for the money 😡,,,
BLIND_265,Banglalink,5,2026-09-04 11:54:59,best,,,
BLIND_266,Robi,5,2026-04-23 16:08:48,nice,,,
BLIND_267,Banglalink,5,2025-10-12 12:27:31,nice app,,,
BLIND_268,Grameenphone,4,2025-09-17 18:26:44,effective,,,
BLIND_269,Grameenphone,5,2026-08-02 18:30:10,Excellent 👍,,,
BLIND_270,Banglalink,5,2025-11-08 11:03:34,excellent,,,
BLIND_271,Banglalink,5,2026-03-16 12:42:26,onek sundor akta app amar famelyr sobar mobile ace onek valo app,,,
BLIND_272,Banglalink,5,2026-06-08 20:25:32,best app,,,
BLIND_273,Grameenphone,2,2025-10-09 02:49:55,Nais,,,
BLIND_274,Grameenphone,4,2026-05-04 10:17:50,"We are facing an issue with Dutch-Bangla Bank. For the past 3 to 4 months, we haven’t been able to recharge through Dutch-Bangla. Can this problem be resolved quickly? Because of this, for the last two months we’ve had to recharge another SIM. But the internet service on that SIM is not good. Even though your SIM charges a bit more, it has the best network quality. Please consider our situation and resolve this issue as soon as possible.",,,
BLIND_275,Banglalink,5,2025-10-12 19:57:11,best network 🛜,,,
BLIND_276,Robi,5,2026-05-20 19:40:09,"২২২ওওওওওওিিিওপপ্রেস করে হোল্ড করলে পিন, পেস্ট এবং ডিলিট করার অপশন আসবে",,,
BLIND_277,Robi,5,2026-08-07 16:53:43,good,,,
BLIND_278,Grameenphone,1,2025-11-04 23:31:17,গ্রামীনফোন সিমকে আমার ডাকাত মনে হয়। তাদের ভালো কোন অফারই নেই। 💔,,,
BLIND_279,Grameenphone,5,2025-11-01 16:48:30,"জিপি সিম পছন্দের তালিকা তে, প্রথম স্থানে আমার কাছে। তাদের নেটওয়ার্ক ভালো, সার্ভিস এর দিক থেকে ও শেরা।",,,
BLIND_280,Robi,5,2026-09-04 07:30:24,good,,,
BLIND_281,Robi,1,2026-06-08 12:50:25,Very bad for notification 🥵🤯😡🤬🤬🤬😠😠😠😈😡😡😡😡,,,
BLIND_282,Grameenphone,5,2026-08-20 03:19:24,nlce,,,
BLIND_283,Robi,5,2025-09-23 11:06:27,অত্যন্ত সুন্দর সার্ভিস আপনাদের 🥰🥰।লাইভ চার্টের মাধ্যমে অনেক দ্রুত আমার সমস্যার সমাধান হয়েছে। আমার অভিযোগের দ্রুত সমাধান করে আমার রিফাইন্ড ব্যাক করার জন্য ধন্যবাদ🥰🥰,,,
BLIND_284,Robi,4,2025-09-19 21:06:27,good,,,
BLIND_285,Banglalink,5,2025-10-25 00:23:36,😀😀😀😀,,,
BLIND_286,Robi,5,2026-05-17 08:19:24,Good,,,
BLIND_287,Banglalink,5,2026-01-22 19:39:41,wow,,,
BLIND_288,Banglalink,5,2025-12-01 16:05:15,very good,,,
BLIND_289,Grameenphone,5,2025-11-01 07:48:00,great app,,,
BLIND_290,Robi,1,2025-09-26 23:58:03,নাইস,,,
BLIND_291,Banglalink,5,2026-03-08 08:26:24,good apk,,,
BLIND_292,Grameenphone,5,2026-03-20 00:41:24,wow!,,,
BLIND_293,Banglalink,5,2025-10-08 20:57:11,nice,,,
BLIND_294,Grameenphone,5,2026-06-24 21:24:07,Good app,,,
BLIND_295,Grameenphone,5,2025-09-19 21:22:33,my favourite app very nice Ami APK Chali Ronak Khushi,,,
BLIND_296,Banglalink,5,2026-09-19 22:37:51,🖤🖤🖤,,,
BLIND_297,Robi,5,2025-10-26 17:28:18,Thank you,,,
BLIND_298,Grameenphone,4,2025-12-03 18:47:12,very good,,,
BLIND_299,Robi,5,2026-05-11 13:00:50,good,,,
BLIND_300,Banglalink,5,2026-06-09 20:19:20,good,,,
BLIND_301,Grameenphone,5,2026-01-15 20:49:18,Nice,,,
BLIND_302,Robi,5,2025-12-11 22:53:01,Good,,,
BLIND_303,Robi,5,2026-08-18 01:55:56,supeer,,,
BLIND_304,Robi,3,2026-04-13 07:24:51,good but sometimes not working,,,
BLIND_305,Grameenphone,5,2025-08-31 12:44:06,good,,,
BLIND_306,Banglalink,5,2026-03-20 17:18:36,good,,,
BLIND_307,Grameenphone,5,2026-09-24 22:24:39,thank,,,
BLIND_308,Banglalink,5,2025-11-03 18:57:37,nice,,,
BLIND_309,Grameenphone,5,2026-06-12 17:48:53,nice,,,
BLIND_310,Grameenphone,5,2026-06-01 00:11:46,গ্রামীণফোন দেশের নাম্বার ওয়ান নেটওয়ার্ক এন্ড নাম্বার ওয়ান অফারের জন্য বেস্ট,,,
BLIND_311,Grameenphone,5,2026-03-11 15:23:51,"ভালো, তবে আরও ভালো হতে হবে।",,,
BLIND_312,Robi,3,2025-09-27 05:13:55,"Robi SIM coverage is good now, but even if everything is fine, the offers are not the same as before! So I would urge the company to resume the beautiful offers as before! Then the number of Robi users will increase a lot.",,,
BLIND_313,Banglalink,5,2026-09-22 08:52:48,good,,,
BLIND_314,Robi,5,2026-05-29 02:05:45,সবই ঠিক আছে কিন্তু মনে হয় এমভি বেশি খরচ হয় তার চেয়ে এয়ারটেল মনে হয় বেটার,,,
BLIND_315,Banglalink,5,2026-03-11 00:57:05,excited,,,
BLIND_316,Grameenphone,5,2026-01-31 12:28:27,good,,,
BLIND_317,Banglalink,5,2026-08-06 15:36:01,good 💯,,,
BLIND_318,Grameenphone,1,2026-03-07 21:54:54,this app is very bad,,,
BLIND_319,Robi,5,2026-03-23 11:57:46,good,,,
BLIND_320,Robi,5,2026-07-08 19:23:58,good,,,
BLIND_321,Grameenphone,5,2026-05-03 21:34:10,nic,,,
BLIND_322,Banglalink,5,2026-08-07 02:50:46,good,,,
BLIND_323,Robi,5,2025-12-08 19:35:55,nice,,,
BLIND_324,Robi,4,2026-02-22 11:01:34,good,,,
BLIND_325,Banglalink,5,2025-10-23 10:44:24,nc app,,,
BLIND_326,Banglalink,5,2025-10-18 09:05:27,good,,,
BLIND_327,Banglalink,5,2026-01-13 18:18:21,yas,,,
BLIND_328,Banglalink,5,2026-01-20 22:08:04,Very good,,,
BLIND_329,Robi,5,2025-09-12 10:29:58,good,,,
BLIND_330,Grameenphone,5,2026-01-20 14:33:33,awesome application,,,
BLIND_331,Banglalink,5,2026-06-09 10:02:49,good,,,
BLIND_332,Grameenphone,1,2025-10-30 19:09:40,বাংলাদেশের একমাত্র ডাকাত কোম্পানি হল জিপি।,,,
BLIND_333,Grameenphone,5,2026-09-24 15:33:32,Nice,,,
BLIND_334,Banglalink,5,2026-02-01 06:55:46,my Bl app best,,,
BLIND_335,Banglalink,5,2026-04-01 17:20:26,valo,,,
BLIND_336,Robi,5,2025-12-24 20:00:40,good,,,
BLIND_337,Grameenphone,5,2026-02-25 06:44:37,খুব ভালো,,,
BLIND_338,Grameenphone,5,2025-08-25 12:16:32,good,,,
BLIND_339,Banglalink,5,2026-03-23 04:19:46,great app,,,
BLIND_340,Banglalink,5,2025-10-16 00:31:51,ভালো,,,
BLIND_341,Banglalink,5,2026-02-14 15:23:38,offers good service,,,
BLIND_342,Robi,5,2025-09-12 12:11:24,thank you so much.,,,
BLIND_343,Banglalink,5,2026-08-10 20:37:58,good,,,
BLIND_344,Grameenphone,5,2026-01-08 07:58:59,nice,,,
BLIND_345,Banglalink,5,2026-02-18 02:08:52,nic,,,
BLIND_346,Robi,5,2026-09-29 15:13:53,nice,,,
BLIND_347,Robi,5,2026-02-15 20:05:55,noyon.,,,
BLIND_348,Grameenphone,5,2025-08-31 16:15:56,good,,,
BLIND_349,Robi,5,2026-06-05 09:40:30,good,,,
BLIND_350,Banglalink,5,2026-01-20 15:03:27,good,,,
BLIND_351,Grameenphone,5,2026-04-27 22:38:12,nice,,,
BLIND_352,Banglalink,5,2025-09-04 23:13:03,Just wao,,,
BLIND_353,Grameenphone,5,2026-03-06 16:02:46,good app,,,
BLIND_354,Robi,5,2025-09-12 07:51:04,মাহমুদ,,,
BLIND_355,Robi,5,2025-12-06 10:20:21,good,,,
BLIND_356,Grameenphone,3,2026-04-17 00:33:59,Bad experience,,,
BLIND_357,Robi,5,2026-06-30 19:59:27,amazing,,,
BLIND_358,Banglalink,4,2025-10-22 12:05:02,nice,,,
BLIND_359,Banglalink,5,2026-01-27 19:45:26,ওয়াও,,,
BLIND_360,Robi,5,2026-05-24 08:25:17,nice job,,,
BLIND_361,Grameenphone,5,2025-12-27 20:44:05,"I’ve been using the MyGP app for a long time and honestly, it’s one of the best telecom apps in Bangladesh. The interface is clean, fast, and very easy to use. Checking data balance, buying internet packs, recharging, and managing offers—all can be done in just a few taps. What I really like is how smooth and stable the app is. It rarely crashes, and everything works exactly as expected. The personalized offers, usage history, and notifications are also very helpful.",,,
BLIND_362,Robi,5,2025-12-02 23:15:09,Good 01,,,
BLIND_363,Grameenphone,5,2026-08-24 16:36:29,good for me,,,
BLIND_364,Grameenphone,5,2025-09-12 12:55:26,খুবই ভালো,,,
BLIND_365,Banglalink,5,2026-08-17 12:03:56,good,,,
BLIND_366,Robi,5,2025-09-09 18:48:49,👍👍👍👍👍,,,
BLIND_367,Grameenphone,5,2026-04-02 09:00:26,good,,,
BLIND_368,Banglalink,5,2026-01-12 16:07:31,good,,,
BLIND_369,Banglalink,5,2025-11-05 21:04:25,nice apps,,,
BLIND_370,Banglalink,5,2025-10-24 04:33:05,nice app,,,
BLIND_371,Robi,5,2025-10-29 01:23:34,good,,,
BLIND_372,Grameenphone,5,2026-01-07 08:23:26,@@@@@.. ❤️❤️❤️,,,
BLIND_373,Grameenphone,5,2026-04-18 16:01:59,wow,,,
BLIND_374,Banglalink,5,2026-03-18 05:47:42,good,,,
BLIND_375,Banglalink,5,2025-11-05 17:36:52,good,,,
BLIND_376,Banglalink,5,2026-08-30 06:27:57,good app,,,
BLIND_377,Robi,5,2025-09-27 17:55:05,valo,,,
BLIND_378,Robi,4,2025-11-11 23:38:41,nice,,,
BLIND_379,Robi,5,2025-11-12 17:29:14,দারুণ এপ্স,,,
BLIND_380,Robi,5,2026-02-21 00:52:44,good,,,
BLIND_381,Robi,5,2025-09-26 19:53:42,valo,,,
BLIND_382,Banglalink,5,2026-04-09 05:46:40,good,,,
BLIND_383,Grameenphone,5,2026-05-20 10:01:24,good,,,
BLIND_384,Robi,5,2026-06-23 11:11:57,good,,,
BLIND_385,Banglalink,5,2026-07-04 19:37:34,good,,,
BLIND_386,Banglalink,4,2026-08-27 19:57:31,nice,,,
BLIND_387,Grameenphone,5,2026-07-20 11:36:48,great,,,
BLIND_388,Banglalink,5,2026-03-04 21:26:43,this app good,,,
BLIND_389,Grameenphone,5,2026-05-08 08:34:44,wonderful app for any recharge,,,
BLIND_390,Robi,5,2026-05-23 18:05:40,Fahhh,,,
BLIND_391,Banglalink,5,2025-10-13 22:55:16,eg my bl app,,,
BLIND_392,Robi,2,2026-03-21 19:36:18,good,,,
BLIND_393,Robi,1,2025-12-11 09:18:57,This's totally intolerable that I have 97GB and 1500minutes and still have one days validity. Today I've bought another bundle for 30days but my validity hasn't increased. Shown my previous 97GB and 1500minutes will expire today. why ??? Is ROBI kidding with us ??? My family also has been useing Banglalink and they are increasing old pack validity as per new bundle pack validity accordingly.,,,
BLIND_394,Banglalink,5,2026-01-31 09:04:26,osthir,,,
BLIND_395,Robi,5,2025-12-31 17:12:34,অসাধারণ,,,
BLIND_396,Robi,5,2026-06-11 15:50:40,nice,,,
BLIND_397,Banglalink,5,2026-02-07 14:12:20,very good,,,
BLIND_398,Robi,1,2025-09-30 12:24:49,ماشااللہ.....,,,
BLIND_399,Banglalink,5,2026-04-23 01:57:50,good App,,,
BLIND_400,Robi,5,2026-02-10 13:42:08,wonderful,,,
BLIND_401,Robi,1,2026-04-17 13:34:06,i Don't like,,,
BLIND_402,Robi,5,2025-11-07 21:36:47,চমৎকার,,,
BLIND_403,Grameenphone,5,2026-05-12 13:23:19,vyri nice,,,
BLIND_404,Grameenphone,5,2026-09-27 12:54:19,ভালো,,,
BLIND_405,Robi,5,2026-08-21 09:55:57,ভালো,,,
BLIND_406,Robi,5,2025-09-14 21:28:00,good,,,
BLIND_407,Robi,5,2025-09-15 00:57:18,আপনাদের সমস্ত সার্ভিস গুলো আমার অনেক ভালো লেগেছে এজন্য ধন্যবাদ। কিন্তু একটা সমস্যা হলো আমার মোবাইলে এমবি থাকলে তখন অফার দেন ভালো।কিন্তু য়খন এমবির মেয়াদ শেস হয়ে জায় তারপর থেকে অফার দেন অনেক বাজে এজন্য বিরক্ত লাগে,,,
BLIND_408,Banglalink,5,2025-12-04 19:15:42,Nice app,,,
BLIND_409,Banglalink,5,2026-05-15 10:00:21,Nice,,,
BLIND_410,Grameenphone,1,2026-01-15 13:37:29,congratulations,,,
BLIND_411,Robi,5,2026-02-03 19:19:38,good,,,
BLIND_412,Banglalink,5,2026-01-22 10:24:41,bere good,,,
BLIND_413,Banglalink,5,2025-11-10 21:31:16,nice,,,
BLIND_414,Robi,5,2026-02-09 20:16:32,good,,,
BLIND_415,Grameenphone,5,2026-06-11 11:50:08,jooooos,,,
BLIND_416,Banglalink,5,2026-01-29 14:04:03,good apk,,,
BLIND_417,Grameenphone,1,2025-10-09 07:42:03,high price,,,
BLIND_418,Robi,3,2025-08-30 09:33:24,Good Options,,,
BLIND_419,Grameenphone,5,2026-04-10 01:38:58,very nice,,,
BLIND_420,Robi,5,2025-08-30 21:52:23,good,,,
BLIND_421,Banglalink,5,2026-01-22 19:17:11,good,,,
BLIND_422,Banglalink,5,2026-05-07 23:17:57,nice,,,
BLIND_423,Grameenphone,5,2025-09-13 12:13:49,good,,,
BLIND_424,Grameenphone,5,2025-08-29 14:56:20,Give my Gp Apps,,,
BLIND_425,Robi,5,2025-10-19 14:33:52,nice,,,
BLIND_426,Banglalink,5,2026-09-11 16:08:21,Nice,,,
BLIND_427,Banglalink,5,2026-04-09 21:16:53,Good quality,,,
BLIND_428,Banglalink,5,2026-03-04 14:33:51,Good,,,
BLIND_429,Robi,5,2025-09-19 14:12:26,Md Adnan Habib,,,
BLIND_430,Robi,5,2026-01-08 22:54:25,josss❤️😍🥰😍,,,
BLIND_431,Banglalink,5,2026-03-04 15:40:43,nice,,,
BLIND_432,Grameenphone,5,2026-05-31 00:58:58,good like,,,
BLIND_433,Robi,5,2026-02-08 23:27:29,good,,,
BLIND_434,Banglalink,5,2026-02-08 14:42:27,Nice,,,
BLIND_435,Robi,5,2026-04-13 09:27:44,good,,,
BLIND_436,Grameenphone,1,2025-11-08 21:18:50,bad offer,,,
BLIND_437,Grameenphone,5,2026-07-28 11:20:28,nic,,,
BLIND_438,Robi,5,2026-02-07 07:15:25,Tobe minutes rate aktu Kom korle Valo hoito,,,
BLIND_439,Robi,5,2026-05-20 14:33:42,good,,,
BLIND_440,Grameenphone,5,2025-09-22 14:33:02,Love you 💚❤️,,,
BLIND_441,Robi,5,2025-10-17 08:40:22,Good,,,
BLIND_442,Grameenphone,1,2026-01-23 22:28:35,NOT GOOD,,,
BLIND_443,Grameenphone,5,2026-06-14 09:46:56,fantastic,,,
BLIND_444,Grameenphone,1,2025-09-14 14:41:45,best Offer app,,,
BLIND_445,Banglalink,4,2026-01-23 15:54:09,2nd bl best,,,
BLIND_446,Grameenphone,5,2026-09-20 04:40:28,very Good👍,,,
BLIND_447,Banglalink,1,2026-04-16 09:22:36,onnek valo,,,
BLIND_448,Grameenphone,5,2026-07-17 05:45:49,good,,,
BLIND_449,Banglalink,5,2026-05-22 00:20:46,nich,,,
BLIND_450,Grameenphone,5,2025-08-24 08:29:17,good,,,
BLIND_451,Grameenphone,5,2025-09-04 16:46:28,MD SHAHADAT HOSSAIN HASAN,,,
BLIND_452,Grameenphone,5,2025-11-21 21:57:03,good app,,,
BLIND_453,Grameenphone,5,2025-10-23 00:01:26,গুড নেটওয়ার্ক ফর কলিং এন্ড ইন্টারনেট ব্রাউজিং,,,
BLIND_454,Grameenphone,5,2026-01-12 18:25:11,good,,,
BLIND_455,Grameenphone,1,2026-07-29 00:53:07,faking app,,,
BLIND_456,Banglalink,5,2026-03-04 13:48:10,good app,,,
BLIND_457,Robi,5,2025-12-23 20:21:43,Nice,,,
BLIND_458,Robi,5,2025-11-26 21:43:53,good,,,
BLIND_459,Banglalink,5,2026-05-23 05:35:29,best bl my bl,,,
BLIND_460,Robi,5,2025-11-29 18:15:03,good.not bad,,,
BLIND_461,Grameenphone,5,2026-01-26 22:59:51,nice,,,
BLIND_462,Grameenphone,3,2026-01-14 17:05:41,আপনাদের অফার গুলো ও কিছু এলাকায় ইন্টারনেট স্পীড ভালো না,,,
BLIND_463,Banglalink,1,2025-11-10 21:36:35,nowadays offer is very costly,,,
BLIND_464,Robi,5,2026-08-05 15:58:05,খুব ভালো,,,
BLIND_465,Banglalink,1,2025-10-11 10:49:37,Offer rete is very high,,,
BLIND_466,Robi,4,2025-12-14 08:21:50,like 👍👍,,,
BLIND_467,Grameenphone,5,2026-01-01 12:05:18,nice,,,
BLIND_468,Robi,2,2026-08-09 23:06:29,wow,,,
BLIND_469,Robi,5,2025-10-10 15:10:03,so gd,,,
BLIND_470,Grameenphone,5,2025-10-15 21:22:04,Good,,,
BLIND_471,Robi,5,2025-09-13 20:49:22,",ড়যযন",,,
BLIND_472,Robi,4,2025-09-17 14:05:31,totaly good,,,
BLIND_473,Banglalink,5,2026-06-02 16:56:46,good app,,,
BLIND_474,Banglalink,5,2026-03-18 05:21:01,I'm happy bl,,,
BLIND_475,Banglalink,5,2026-02-10 11:57:26,good,,,
BLIND_476,Banglalink,5,2026-03-29 05:47:21,Great,,,
BLIND_477,Banglalink,5,2025-11-10 21:47:20,mb er dam aktu komale valo hoy🌚,,,
BLIND_478,Banglalink,5,2026-06-10 09:51:08,good,,,
BLIND_479,Banglalink,5,2026-09-02 06:53:01,good,,,
BLIND_480,Grameenphone,5,2026-06-29 22:47:14,good,,,
BLIND_481,Banglalink,5,2025-10-06 11:03:24,good,,,
BLIND_482,Robi,5,2026-05-16 20:49:42,app so nice,,,
BLIND_483,Robi,5,2026-08-09 21:44:15,Good,,,
BLIND_484,Robi,5,2026-06-22 20:19:20,nice,,,
BLIND_485,Grameenphone,5,2026-04-27 01:22:45,good app,,,
BLIND_486,Banglalink,5,2026-02-14 17:57:51,nice,,,
BLIND_487,Robi,5,2025-10-26 00:18:53,good,,,
BLIND_488,Robi,5,2025-12-01 19:52:02,Nice,,,
BLIND_489,Robi,5,2026-09-06 14:56:56,good,,,
BLIND_490,Banglalink,5,2026-09-22 22:18:49,nice,,,
BLIND_491,Banglalink,5,2026-03-05 00:15:28,nice app,,,
BLIND_492,Grameenphone,5,2026-09-15 18:30:20,good,,,
BLIND_493,Grameenphone,5,2025-12-31 12:25:54,Thank,,,
BLIND_494,Banglalink,5,2026-08-15 23:37:50,good,,,
BLIND_495,Banglalink,1,2026-09-27 11:15:42,"অনেক খারাপ অবস্থা এপের হেল্প সেন্টার থেকে কোনো রেসপন্স পাওয়া যায় না,",,,
BLIND_496,Grameenphone,5,2026-02-20 21:58:01,best apps,,,
BLIND_497,Robi,5,2026-04-11 14:18:21,nice,,,
BLIND_498,Grameenphone,5,2025-10-01 20:39:22,Nice ap,,,
BLIND_499,Grameenphone,5,2026-05-28 18:44:40,good,,,
BLIND_500,Robi,1,2025-09-13 18:12:42,good,,,
BLIND_501,Banglalink,5,2025-10-12 20:08:06,really very nice app... and easy to use..,,,
BLIND_502,Banglalink,1,2025-12-02 23:41:47,"অন্যান্য কোম্পানি মোবাইল অ্যাপ আপগ্রেড করে আর বাংলালিংক অ্যাপ ভার্সন ডাউনগ্রেড করে।এক মাস আগের রিচার্জ, কল হিস্ট্রি পাওয়া যায় না। অপশনগুলো বিশৃঙ্খলভাবে বিভিন্ন জায়গায় ছড়িয়ে ছিটিয়ে থাকে, খুঁজে পেতে সমস্যা হয়। জিপির অ্যাপটা কি সুন্দর হয়েছে! এটা বলার পরও কর্তৃপক্ষ তাদের অ্যাপ তেমন একটা উন্নত করে নি। আবার তাদের লোগো পরিবর্তন করেছে। মনে হচ্ছে ডেটিং অ্যাপ। তাই নতুন লোগোর ডিজাইন অধিকাংশ মানুষের পছন্দ হয়নি। 😢",,,
BLIND_503,Banglalink,5,2026-06-14 13:20:50,goodappps,,,
BLIND_504,Grameenphone,5,2025-12-04 21:58:02,supper,,,
BLIND_505,Grameenphone,5,2025-09-10 10:26:33,excellent,,,
BLIND_506,Robi,5,2026-04-15 21:45:54,good,,,
BLIND_507,Robi,5,2025-09-13 17:31:48,nice,,,
BLIND_508,Banglalink,5,2026-01-15 20:38:15,good 👍,,,
BLIND_509,Robi,5,2026-05-23 00:36:23,super easy,,,
BLIND_510,Banglalink,5,2026-03-17 19:52:43,Amazing features,,,
BLIND_511,Banglalink,5,2026-06-17 03:02:17,Good Apps,,,
BLIND_512,Banglalink,5,2025-10-12 16:03:00,wow,,,
BLIND_513,Robi,3,2025-09-29 22:21:12,There would be a 5 day pack as well.,,,
BLIND_514,Banglalink,5,2026-03-15 10:39:44,good,,,
BLIND_515,Robi,5,2026-01-15 19:48:29,I am attracted to their offer,,,
BLIND_516,Grameenphone,1,2026-01-28 20:10:54,complex update,,,
BLIND_517,Grameenphone,5,2026-01-21 19:11:00,op app,,,
BLIND_518,Robi,5,2025-12-04 19:31:56,nice,,,
BLIND_519,Grameenphone,5,2025-09-13 04:20:46,best app Bangladesh my gp,,,
BLIND_520,Robi,5,2026-05-18 06:05:22,nice,,,
BLIND_521,Robi,5,2026-02-28 17:25:14,i hope Better scarves,,,
BLIND_522,Grameenphone,5,2025-09-03 22:23:41,good,,,
BLIND_523,Grameenphone,5,2025-11-02 11:00:17,good,,,
BLIND_524,Grameenphone,5,2026-02-26 15:04:15,want 1 day 3 day internet recharge offer more,,,
BLIND_525,Grameenphone,5,2026-03-30 14:24:45,Very helpful apps.,,,
BLIND_526,Robi,5,2026-09-07 22:05:23,nice 🇧🇩,,,
BLIND_527,Banglalink,5,2026-03-23 13:24:45,osam,,,
BLIND_528,Grameenphone,4,2025-09-05 08:53:58,valo,,,
BLIND_529,Banglalink,5,2025-10-14 09:41:00,নাইস,,,
BLIND_530,Grameenphone,5,2025-08-25 19:48:00,WOW,,,
BLIND_531,Banglalink,5,2026-03-12 22:46:45,very good,,,
BLIND_532,Banglalink,5,2026-07-08 14:42:17,just wow,,,
BLIND_533,Banglalink,5,2025-10-23 15:45:52,nice,,,
BLIND_534,Robi,5,2026-02-17 11:27:26,helpful 🙂,,,
BLIND_535,Robi,5,2026-01-19 12:32:24,good,,,
BLIND_536,Robi,1,2026-02-22 19:03:32,একদম ফালতু নেটওয়ার্ক,,,
BLIND_537,Banglalink,1,2026-03-07 19:47:11,Worst network I have ever seen,,,
BLIND_538,Banglalink,5,2025-10-18 17:22:38,good,,,
BLIND_539,Grameenphone,5,2026-04-25 22:05:52,good,,,
BLIND_540,Robi,4,2025-09-24 22:40:13,very Good,,,
BLIND_541,Robi,5,2026-07-31 03:57:07,just wow,,,
BLIND_542,Grameenphone,5,2026-01-10 06:30:38,good,,,
BLIND_543,Banglalink,5,2026-08-04 22:18:59,nic,,,
BLIND_544,Grameenphone,1,2026-03-21 00:41:26,faltu offer dey,,,
BLIND_545,Robi,5,2026-06-06 11:26:40,good,,,
BLIND_546,Grameenphone,5,2026-08-14 22:57:03,very nice,,,
BLIND_547,Banglalink,3,2026-03-11 14:32:22,good,,,
BLIND_548,Grameenphone,5,2025-11-29 08:00:19,nice,,,
BLIND_549,Robi,2,2026-05-19 23:04:58,good job,,,
BLIND_550,Robi,5,2025-12-11 23:22:39,good,,,
BLIND_551,Robi,5,2026-01-12 21:26:57,good,,,
BLIND_552,Banglalink,5,2026-03-10 07:07:32,good,,,
BLIND_553,Grameenphone,5,2026-09-23 16:02:16,good,,,
BLIND_554,Banglalink,5,2026-01-13 17:57:40,❤️❤️❤️❤️❤️❤️❤️ অনেক সুন্দর ❤️,,,
BLIND_555,Banglalink,5,2026-04-05 22:29:55,ami 10000 bonuse peyechi,,,
BLIND_556,Banglalink,5,2026-04-10 19:29:21,best sim company ever,,,
BLIND_557,Grameenphone,5,2025-09-28 20:40:25,nice,,,
BLIND_558,Banglalink,4,2026-03-12 11:51:26,good apps,,,
BLIND_559,Banglalink,5,2026-03-31 21:13:35,great,,,
BLIND_560,Banglalink,5,2025-10-21 20:32:15,ভালো,,,
BLIND_561,Grameenphone,4,2025-12-28 22:09:16,good app,,,
BLIND_562,Robi,5,2025-11-01 07:36:50,excellent,,,
BLIND_563,Robi,5,2026-02-11 22:02:35,Good,,,
BLIND_564,Robi,5,2025-10-24 12:42:44,good app,,,
BLIND_565,Robi,5,2026-05-08 06:57:36,very good,,,
BLIND_566,Banglalink,5,2025-10-31 11:50:44,good apps,,,
BLIND_567,Robi,5,2025-09-13 18:02:20,good,,,
BLIND_568,Grameenphone,5,2026-01-19 18:50:15,excellent,,,
BLIND_569,Robi,5,2025-12-21 15:54:40,good,,,
BLIND_570,Robi,5,2025-10-24 18:11:42,ওনেক ভালে একটি এপস,,,
BLIND_571,Grameenphone,2,2025-09-26 01:31:35,ধন্যবাদ,,,
BLIND_572,Robi,5,2025-10-29 16:59:46,Dis App is very good app,,,
BLIND_573,Robi,5,2026-08-03 09:43:56,nice,,,
BLIND_574,Banglalink,5,2026-09-26 21:24:33,md najmul,,,
BLIND_575,Grameenphone,5,2025-12-28 11:49:33,good 👍,,,
BLIND_576,Banglalink,5,2026-07-09 19:17:34,অনেক ভালো,,,
BLIND_577,Robi,5,2025-10-24 05:59:11,Good Apps,,,
BLIND_578,Grameenphone,1,2025-09-06 23:02:41,ভালো কনো ওপার নেই,,,
BLIND_579,Banglalink,5,2025-11-10 21:45:35,খুব ভালো একটা এপ,,,
BLIND_580,Grameenphone,5,2026-03-03 23:44:19,excellent,,,
BLIND_581,Banglalink,5,2025-12-05 07:04:20,❤️❤️❤️❤️💗💗,,,
BLIND_582,Robi,5,2026-01-16 19:08:23,nice,,,
BLIND_583,Robi,5,2025-10-20 18:34:40,good,,,
BLIND_584,Banglalink,5,2026-05-09 14:57:17,good,,,
BLIND_585,Banglalink,5,2026-05-27 06:12:47,nice,,,
BLIND_586,Grameenphone,2,2025-10-26 11:56:36,good,,,
BLIND_587,Grameenphone,5,2025-12-26 12:28:17,good apps,,,
BLIND_588,Banglalink,5,2025-11-14 22:01:08,good,,,
BLIND_589,Grameenphone,5,2026-07-03 23:02:57,fine,,,
BLIND_590,Robi,1,2026-02-25 12:24:19,"I am a customer from Bangladesh. Robi’s network service is extremely poor and frustrating. The internet connection is very unstable, slow, and unreliable. I constantly face network issues, which makes it very difficult to use mobile data properly. This level of service is unacceptable from a major telecom company. I strongly request Robi to improve their network quality and provide better service to customers.",,,
BLIND_591,Banglalink,5,2026-03-07 18:54:31,wow,,,
BLIND_592,Banglalink,5,2026-08-16 11:10:07,Nice,,,
BLIND_593,Robi,5,2026-07-24 22:35:37,❤️❤️❤️,,,
BLIND_594,Grameenphone,5,2025-08-31 14:36:44,view,,,
BLIND_595,Grameenphone,5,2026-06-12 17:43:37,ধন্যবাদ ফ্রি ১GB দেওয়ার জন্য।,,,
BLIND_596,Grameenphone,5,2025-09-07 19:14:07,অ্যাপস,,,
BLIND_597,Grameenphone,5,2026-06-30 22:10:46,good,,,
BLIND_598,Banglalink,5,2026-03-06 20:18:02,good,,,
BLIND_599,Robi,5,2025-12-14 07:05:46,good.,,,
BLIND_600,Grameenphone,5,2026-04-24 22:16:04,ভাইরে ভাই সেরা,,,
