review_id,operator,rating,review_date,review_text,pred_ensemble,conf_ensemble,pred_bilstm,pred_logistic,models_agree,gold_sentiment,annotator_notes
VOC_0001,Grameenphone,4,2026-06-19 14:13:48,net speed just wow,Positive,0.4708,Positive,Neutral,False,,
VOC_0002,Robi,5,2026-05-09 00:35:44,good,Positive,0.8592,Positive,Positive,True,,
VOC_0003,Robi,5,2025-12-14 16:30:33,Exelent,Positive,0.5495,Positive,Positive,True,,
VOC_0004,Grameenphone,1,2025-10-28 16:05:19,একদম বাজে সিম,Negative,0.8282,Negative,Negative,True,,
VOC_0005,Grameenphone,5,2026-06-10 14:28:13,good but offers expensive,Neutral,0.5508,Neutral,Neutral,True,,
VOC_0006,Banglalink,5,2026-01-15 19:25:12,goid app,Positive,0.6253,Positive,Positive,True,,
VOC_0007,Grameenphone,5,2025-11-21 18:45:45,Thanks G.P 1✌️❤️,Positive,0.8427,Positive,Positive,True,,
VOC_0008,Robi,5,2025-09-09 19:43:31,good,Positive,0.8592,Positive,Positive,True,,
VOC_0009,Grameenphone,5,2026-03-03 06:05:15,Best,Positive,0.852,Positive,Positive,True,,
VOC_0010,Banglalink,5,2026-02-08 18:38:52,nc app 🫠,Positive,0.6478,Neutral,Positive,False,,
VOC_0011,Grameenphone,1,2026-06-29 22:07:37,baje apass..,Negative,0.714,Negative,Negative,True,,
VOC_0012,Grameenphone,2,2025-09-29 16:23:58,Need to excess 50 tk for one month,Neutral,0.369,Negative,Neutral,False,,
VOC_0013,Grameenphone,1,2025-08-30 18:09:17,stupid,Positive,0.3947,Neutral,Neutral,False,,
VOC_0014,Robi,1,2026-05-27 13:05:25,ভালো,Positive,0.6494,Positive,Positive,True,,
VOC_0015,Banglalink,4,2026-03-04 05:37:09,ভালো সার্ভিস,Positive,0.5828,Positive,Positive,True,,
VOC_0016,Banglalink,5,2025-10-22 20:53:04,nice app,Positive,0.8631,Positive,Positive,True,,
VOC_0017,Grameenphone,5,2026-06-28 13:15:12,good,Positive,0.8592,Positive,Positive,True,,
VOC_0018,Banglalink,5,2026-03-19 14:19:19,অসাধারণ সেবা,Positive,0.7856,Positive,Positive,True,,
VOC_0019,Grameenphone,5,2026-07-02 15:35:57,purle offer,Negative,0.5606,Neutral,Negative,False,,
VOC_0020,Grameenphone,1,2025-09-25 09:35:55,time limitations is never being appreciated with my money,Negative,0.4429,Negative,Negative,True,,
VOC_0021,Grameenphone,5,2025-09-20 12:10:04,Good work,Positive,0.8425,Positive,Positive,True,,
VOC_0022,Robi,5,2025-09-15 19:35:23,New experience,Positive,0.5044,Positive,Positive,True,,
VOC_0023,Robi,1,2026-05-31 13:27:03,not good.,Positive,0.4348,Neutral,Neutral,False,,
VOC_0024,Robi,1,2026-07-19 21:42:50,I didn't see any special offer in this app,Neutral,0.5637,Neutral,Neutral,True,,
VOC_0025,Banglalink,5,2026-01-16 09:55:27,Imran Hossin Thank you very much.,Positive,0.6389,Positive,Positive,True,,
VOC_0026,Robi,5,2026-01-30 20:02:02,The service is best!!!,Positive,0.7439,Negative,Positive,False,,
VOC_0027,Grameenphone,5,2025-11-05 20:02:54,nice app,Positive,0.8631,Positive,Positive,True,,
VOC_0028,Grameenphone,5,2026-02-01 18:53:41,দারুন!,Positive,0.6833,Neutral,Positive,False,,
VOC_0029,Robi,5,2025-10-01 18:05:49,গতহ,Positive,0.4818,Neutral,Neutral,False,,
VOC_0030,Robi,5,2025-09-11 17:40:16,nice,Positive,0.8616,Positive,Positive,True,,
VOC_0031,Robi,5,2026-07-12 09:39:25,ভালো,Positive,0.6494,Positive,Positive,True,,
VOC_0032,Grameenphone,5,2025-12-06 13:26:56,ভালো,Positive,0.6494,Positive,Positive,True,,
VOC_0033,Grameenphone,1,2026-07-10 20:58:36,দেশের সবচেয়ে বড় ডাকাত হলো এই গ্রামীণফোন এর । সাধারণ মানুষের পকেট কাটছে এই চোরের দল😠😠 কোন ভালো অফার দেয় না এরা,Negative,0.7815,Negative,Negative,True,,
VOC_0034,Banglalink,5,2026-07-10 17:10:13,nice 🙂,Positive,0.8509,Positive,Positive,True,,
VOC_0035,Grameenphone,5,2025-12-28 01:08:47,লোট পাটের জন্য সেরা রে,Positive,0.5436,Positive,Positive,True,,
VOC_0036,Robi,5,2025-09-19 00:17:28,nice,Positive,0.8616,Positive,Positive,True,,
VOC_0037,Grameenphone,5,2025-10-17 17:44:43,My fever it company GP,Positive,0.3925,Neutral,Neutral,False,,
VOC_0038,Robi,4,2026-09-07 21:33:42,up to the mark,Positive,0.4832,Positive,Negative,False,,
VOC_0039,Robi,5,2025-10-02 13:26:26,ভালো অনেক ভালো,Positive,0.8247,Positive,Positive,True,,
VOC_0040,Banglalink,5,2025-12-18 19:39:21,Very nice app,Positive,0.8614,Positive,Positive,True,,
VOC_0041,Banglalink,5,2025-11-10 21:50:22,"MyBL app আমাদের বিভিন্ন সুযোগ সুবিধা দিয়ে থাকে। তাতে আমাদের অনেকটা উপকার হয়, যেমন বিভিন্ন অফার দেখা, ইন্টারনেট, ব্যালেন্স মিনিট চেক করা ইত্যাদি 🥰🥰",Positive,0.4079,Neutral,Neutral,False,,
VOC_0042,Grameenphone,5,2026-08-21 20:06:54,Good,Positive,0.8592,Positive,Positive,True,,
VOC_0043,Robi,5,2026-03-18 10:43:27,"ভালো হয়েছে, তবে এর আগে আমি একবার নিয়েছিলাম কিন্তু পাইনি? আরো একটু কম টাকায় বেশি মিনিট দেওয়ার জন্য চেষ্টা করবেন।",Negative,0.5493,Neutral,Negative,False,,
VOC_0044,Robi,5,2025-09-22 17:52:46,so nic,Positive,0.6261,Positive,Positive,True,,
VOC_0045,Grameenphone,5,2026-06-07 23:58:08,Nice,Positive,0.8616,Positive,Positive,True,,
VOC_0046,Grameenphone,5,2026-08-09 09:19:55,amijing,Positive,0.3769,Neutral,Neutral,False,,
VOC_0047,Robi,3,2025-08-26 22:33:10,good,Positive,0.8592,Positive,Positive,True,,
VOC_0048,Grameenphone,3,2025-09-12 00:20:12,"Effective,",Positive,0.5766,Neutral,Positive,False,,
VOC_0049,Grameenphone,1,2025-11-29 14:41:14,দাম বেশি।,Negative,0.7962,Negative,Negative,True,,
VOC_0050,Robi,5,2026-03-23 04:17:15,আর একটু ভালো সুজক সুবিধা আসা করতে পারি,Neutral,0.6264,Neutral,Neutral,True,,
VOC_0051,Banglalink,5,2026-03-15 12:34:12,nice,Positive,0.8616,Positive,Positive,True,,
VOC_0052,Banglalink,5,2026-08-29 02:35:41,good,Positive,0.8592,Positive,Positive,True,,
VOC_0053,Grameenphone,5,2025-09-11 18:37:18,ok nys,Neutral,0.4074,Positive,Neutral,False,,
VOC_0054,Robi,5,2025-10-17 14:15:59,comfortable pakege,Positive,0.3779,Negative,Neutral,False,,
VOC_0055,Robi,5,2025-08-28 11:55:26,Nice offer and low price,Positive,0.4795,Neutral,Negative,False,,
VOC_0056,Banglalink,1,2026-01-04 06:56:27,My bl problem,Negative,0.5301,Negative,Neutral,False,,
VOC_0057,Banglalink,5,2025-10-29 18:05:43,wow,Positive,0.693,Positive,Positive,True,,
VOC_0058,Grameenphone,5,2025-09-30 12:22:01,nice 5gb free pailam,Positive,0.5405,Positive,Neutral,False,,
VOC_0059,Grameenphone,4,2026-02-04 00:14:54,disappointing....,Negative,0.7385,Neutral,Negative,False,,
VOC_0060,Grameenphone,3,2025-09-10 19:14:48,good but not very good because 1 gb or 2 gb 30 din mayade kinte parina,Neutral,0.5962,Neutral,Neutral,True,,
VOC_0061,Grameenphone,5,2026-04-22 22:48:22,Excellent,Positive,0.823,Positive,Positive,True,,
VOC_0062,Grameenphone,1,2025-09-05 20:53:13,mb scammer,Negative,0.5582,Negative,Negative,True,,
VOC_0063,Banglalink,4,2025-10-22 10:15:54,Internet Service not Good,Positive,0.4763,Negative,Positive,False,,
VOC_0064,Robi,5,2026-08-19 11:36:10,Inshallah,Positive,0.6165,Neutral,Positive,False,,
VOC_0065,Robi,5,2026-08-13 16:52:20,🇧🇩💝💝,Positive,0.4363,Neutral,Neutral,False,,
VOC_0066,Grameenphone,2,2025-09-08 13:07:41,nice,Positive,0.8616,Positive,Positive,True,,
VOC_0067,Robi,5,2026-06-01 22:42:33,ভালো,Positive,0.6494,Positive,Positive,True,,
VOC_0068,Robi,5,2026-09-20 20:09:16,🫶🫶🫶,Positive,0.465,Neutral,Neutral,False,,
VOC_0069,Grameenphone,5,2026-01-07 12:15:58,Review for frequently asking for review!,Neutral,0.5285,Neutral,Neutral,True,,
VOC_0070,Banglalink,5,2025-09-01 22:47:34,বাংলালিংক কে জানাই স্বাগতম,Positive,0.4828,Positive,Neutral,False,,
VOC_0071,Banglalink,3,2025-12-01 08:40:08,bhi logo ta valo lagtase na. ar unlimited offer gulu valo na kunu valo offer dile valo hoto my GP r moto.,Negative,0.4628,Negative,Neutral,False,,
VOC_0072,Grameenphone,1,2026-04-25 20:34:03,basically trash so expensive u can't even get GP with 40 taka I rather than robi is good with this trash app with greedy people,Negative,0.5565,Negative,Negative,True,,
VOC_0073,Robi,5,2025-11-17 09:53:59,nice 🙂,Positive,0.8509,Positive,Positive,True,,
VOC_0074,Banglalink,5,2026-03-09 21:49:52,গুড,Positive,0.5774,Positive,Positive,True,,
VOC_0075,Robi,5,2025-12-20 18:08:09,সিমটা আমার বন্ধ হয়ে রইছে,Negative,0.6991,Negative,Negative,True,,
VOC_0076,Robi,5,2026-09-05 13:33:42,🥰✨good,Positive,0.8482,Neutral,Positive,False,,
VOC_0077,Banglalink,5,2026-02-02 06:10:25,🇧🇩👍,Positive,0.4551,Neutral,Neutral,False,,
VOC_0078,Banglalink,5,2026-03-05 01:06:53,good,Positive,0.8592,Positive,Positive,True,,
VOC_0079,Robi,2,2025-09-25 17:45:35,matamoti chole,Negative,0.4395,Neutral,Negative,False,,
VOC_0080,Robi,5,2026-05-17 08:19:24,Good,Positive,0.8592,Positive,Positive,True,,
VOC_0081,Banglalink,5,2026-03-01 20:41:48,valo,Positive,0.6461,Positive,Positive,True,,
VOC_0082,Robi,5,2025-12-19 21:43:23,good,Positive,0.8592,Positive,Positive,True,,
VOC_0083,Robi,5,2025-12-31 22:48:35,বরি সেবা চালু করার জন্য ধন্যবাদ,Positive,0.5183,Positive,Neutral,False,,
VOC_0084,Banglalink,5,2025-11-01 21:06:52,নাইচ,Negative,0.6238,Neutral,Negative,False,,
VOC_0085,Grameenphone,5,2026-02-11 11:30:44,nice,Positive,0.8616,Positive,Positive,True,,
VOC_0086,Grameenphone,5,2026-08-14 16:51:35,good,Positive,0.8592,Positive,Positive,True,,
VOC_0087,Grameenphone,5,2025-12-17 13:05:37,veryy good!!🔥,Positive,0.8329,Neutral,Positive,False,,
VOC_0088,Banglalink,5,2025-12-12 17:15:27,very very very good app,Positive,0.8555,Positive,Positive,True,,
VOC_0089,Banglalink,5,2026-01-14 13:26:32,ভালো,Positive,0.6494,Positive,Positive,True,,
VOC_0090,Banglalink,5,2026-03-03 10:51:55,it is a great app!,Positive,0.7443,Positive,Positive,True,,
VOC_0091,Banglalink,5,2026-01-31 18:54:03,good app,Positive,0.86,Positive,Positive,True,,
VOC_0092,Robi,5,2025-10-03 09:19:01,nich,Positive,0.4733,Neutral,Neutral,False,,
VOC_0093,Grameenphone,5,2025-09-04 00:39:49,veri nice,Positive,0.8237,Positive,Positive,True,,
VOC_0094,Banglalink,5,2026-09-20 09:40:42,10 years lover,Positive,0.6889,Neutral,Positive,False,,
VOC_0095,Banglalink,5,2025-10-29 17:57:44,good apps,Positive,0.8612,Positive,Positive,True,,
VOC_0096,Banglalink,5,2026-02-17 11:56:34,good,Positive,0.8592,Positive,Positive,True,,
VOC_0097,Banglalink,5,2025-10-14 14:28:22,good and great relationship,Positive,0.7952,Positive,Positive,True,,
VOC_0098,Grameenphone,5,2026-03-11 12:45:54,good app,Positive,0.86,Positive,Positive,True,,
VOC_0099,Robi,5,2025-09-24 22:18:26,well,Neutral,0.508,Neutral,Neutral,True,,
VOC_0100,Grameenphone,5,2026-05-24 11:43:23,very good app,Positive,0.8635,Positive,Positive,True,,
VOC_0101,Grameenphone,5,2026-04-30 13:04:30,Customers friendly,Positive,0.4649,Positive,Positive,True,,
VOC_0102,Banglalink,5,2025-10-23 12:38:16,মমমম,Neutral,0.6027,Neutral,Neutral,True,,
VOC_0103,Robi,5,2026-03-20 04:11:58,supar hit,Positive,0.4737,Neutral,Neutral,False,,
VOC_0104,Banglalink,5,2026-09-18 06:24:30,didi,Negative,0.4706,Neutral,Neutral,False,,
VOC_0105,Grameenphone,5,2026-09-04 21:02:25,grameen is superior to all others network servicing providers in Bangladesh due to its fine smooth networking services. Stay connected.,Positive,0.6376,Positive,Positive,True,,
VOC_0106,Robi,5,2026-06-07 20:57:13,আরো দাম কমাতে হবে ভাই,Neutral,0.633,Neutral,Neutral,True,,
VOC_0107,Grameenphone,5,2026-09-11 14:32:27,fine,Neutral,0.4924,Positive,Neutral,False,,
VOC_0108,Banglalink,5,2026-03-17 07:50:39,darun,Positive,0.5967,Positive,Positive,True,,
VOC_0109,Banglalink,5,2025-11-10 21:47:04,valo,Positive,0.6461,Positive,Positive,True,,
VOC_0110,Robi,5,2026-07-16 11:09:10,good apps,Positive,0.8612,Positive,Positive,True,,
VOC_0111,Grameenphone,1,2025-08-28 01:42:59,GP is a dhon,Positive,0.487,Neutral,Neutral,False,,
VOC_0112,Robi,5,2025-11-07 21:46:19,Good,Positive,0.8592,Positive,Positive,True,,
VOC_0113,Robi,5,2026-09-17 12:27:25,নাইস,Positive,0.5967,Positive,Positive,True,,
VOC_0114,Robi,1,2026-09-17 20:03:30,amar poblom,Neutral,0.3728,Neutral,Neutral,True,,
VOC_0115,Banglalink,5,2026-06-20 14:50:15,এমির দাম কম করে দেন প্লিজ প্লিজ,Negative,0.4448,Negative,Neutral,False,,
VOC_0116,Banglalink,5,2026-02-13 02:33:14,Personal use to my device,Positive,0.4395,Positive,Positive,True,,
VOC_0117,Banglalink,5,2025-10-21 10:15:40,nich app,Positive,0.6314,Neutral,Positive,False,,
VOC_0118,Grameenphone,5,2025-12-10 13:39:53,Exciting,Positive,0.6093,Neutral,Positive,False,,
VOC_0119,Robi,5,2025-12-13 08:03:33,good,Positive,0.8592,Positive,Positive,True,,
VOC_0120,Robi,5,2026-08-16 07:42:03,nice,Positive,0.8616,Positive,Positive,True,,
VOC_0121,Grameenphone,4,2026-07-25 13:01:29,খুবি ভারোapp,Positive,0.4382,Negative,Positive,False,,
VOC_0122,Grameenphone,5,2025-11-23 19:49:07,thank you my Gp,Positive,0.8185,Positive,Positive,True,,
VOC_0123,Banglalink,4,2026-03-11 11:36:18,mb er dam ektu kom kren r net vlo koiren,Negative,0.4633,Negative,Neutral,False,,
VOC_0124,Robi,5,2026-09-06 00:37:13,🤩🤩🤩🤔,Positive,0.4612,Neutral,Neutral,False,,
VOC_0125,Grameenphone,5,2025-09-27 22:05:33,💪🧑🤳,Positive,0.432,Neutral,Neutral,False,,
VOC_0126,Grameenphone,5,2026-06-02 17:56:42,I'm using gramenephone 2000 year ago my gb is my favorite,Positive,0.6552,Negative,Positive,False,,
VOC_0127,Robi,1,2026-04-11 13:24:27,"অফার ভালো দেয় না, ভালো অফার দিতে হবে সিমে, কিন্তু এমবি কম কাটে ওই দিক দিয়ে ভালো সার্ভিস দেয়",Neutral,0.5408,Neutral,Neutral,True,,
VOC_0128,Banglalink,5,2026-01-13 18:29:19,nice,Positive,0.8616,Positive,Positive,True,,
VOC_0129,Robi,1,2025-09-16 18:29:40,"It is a completely unreasonable rule that a parent number in ""My Family"" cannot be deleted within three months. If it could be deleted every month, it would make purchasing internet each month easier. I hope the company will take this matter seriously.",Negative,0.5547,Negative,Negative,True,,
VOC_0130,Robi,5,2026-03-21 09:30:35,খুব ভালো,Positive,0.7551,Positive,Positive,True,,
VOC_0131,Grameenphone,5,2026-01-27 14:25:33,nice,Positive,0.8616,Positive,Positive,True,,
VOC_0132,Robi,5,2025-10-11 17:10:54,waw,Neutral,0.5041,Neutral,Neutral,True,,
VOC_0133,Grameenphone,5,2026-03-17 21:36:51,valo,Positive,0.6461,Positive,Positive,True,,
VOC_0134,Grameenphone,5,2026-04-16 18:21:17,FINE THANS A LOT,Positive,0.4587,Neutral,Neutral,False,,
VOC_0135,Robi,5,2026-05-14 11:56:57,❤️❤️,Positive,0.7958,Positive,Positive,True,,
VOC_0136,Grameenphone,5,2026-04-17 15:24:00,The minute offers are very good but it would be better if the GP offers were better.,Neutral,0.5754,Neutral,Neutral,True,,
VOC_0137,Grameenphone,5,2026-05-14 20:25:15,This offer was very good but it would be better to get it at a lower price🙂😫,Neutral,0.6577,Neutral,Neutral,True,,
VOC_0138,Grameenphone,1,2025-08-29 12:34:09,Very higher prices in all aspects. services are to much high prices.,Negative,0.8295,Negative,Negative,True,,
VOC_0139,Banglalink,5,2025-10-25 08:23:16,good,Positive,0.8592,Positive,Positive,True,,
VOC_0140,Grameenphone,5,2025-09-05 11:52:32,খুব ভালো,Positive,0.7551,Positive,Positive,True,,
VOC_0141,Grameenphone,5,2025-09-18 09:29:32,good app,Positive,0.86,Positive,Positive,True,,
VOC_0142,Banglalink,5,2026-04-09 12:16:33,good,Positive,0.8592,Positive,Positive,True,,
VOC_0143,Grameenphone,5,2026-04-02 09:55:54,extreme lavel,Positive,0.4684,Neutral,Positive,False,,
VOC_0144,Grameenphone,5,2026-02-08 21:37:01,good,Positive,0.8592,Positive,Positive,True,,
VOC_0145,Robi,3,2025-10-27 20:59:46,Amr jonno mb dam r ektu komai diyen vai,Neutral,0.5012,Neutral,Neutral,True,,
VOC_0146,Grameenphone,5,2026-02-05 18:36:09,*__হুমম আছে__* *....الحمد لله....* *___ভালোই___*,Positive,0.4265,Neutral,Neutral,False,,
VOC_0147,Banglalink,5,2026-02-09 18:04:36,woow,Positive,0.5033,Neutral,Negative,False,,
VOC_0148,Robi,5,2026-02-23 17:45:41,good,Positive,0.8592,Positive,Positive,True,,
VOC_0149,Grameenphone,4,2026-06-02 22:24:58,"সব ঠিক আছে, শুধু MB দাম বেশি।",Negative,0.7044,Negative,Negative,True,,
VOC_0150,Grameenphone,1,2025-09-19 19:22:50,very good,Positive,0.8625,Positive,Positive,True,,
VOC_0151,Robi,5,2025-12-13 20:03:40,সার্ভিস ভালো না,Negative,0.4617,Negative,Negative,True,,
VOC_0152,Robi,5,2025-08-29 23:51:34,sondor,Positive,0.4168,Neutral,Neutral,False,,
VOC_0153,Banglalink,4,2026-04-01 10:16:44,smooth ui,Positive,0.4809,Positive,Neutral,False,,
VOC_0154,Banglalink,5,2026-03-07 23:32:05,you are waste my banglalink app,Positive,0.5523,Negative,Positive,False,,
VOC_0155,Robi,5,2026-06-03 01:15:35,fine,Neutral,0.4924,Positive,Neutral,False,,
VOC_0156,Banglalink,5,2025-10-22 09:49:24,great,Positive,0.799,Positive,Positive,True,,
VOC_0157,Grameenphone,5,2026-08-08 22:37:16,good app,Positive,0.86,Positive,Positive,True,,
VOC_0158,Robi,5,2025-10-03 00:09:35,good,Positive,0.8592,Positive,Positive,True,,
VOC_0159,Grameenphone,2,2026-06-10 20:32:07,not good,Positive,0.4602,Negative,Neutral,False,,
VOC_0160,Grameenphone,5,2025-11-20 19:41:12,nice app,Positive,0.8631,Positive,Positive,True,,
VOC_0161,Banglalink,5,2025-11-04 21:10:58,NAIC app,Negative,0.4441,Positive,Positive,False,,
VOC_0162,Banglalink,5,2026-02-04 04:12:55,nice 👍👍,Positive,0.8476,Positive,Positive,True,,
VOC_0163,Grameenphone,5,2026-02-15 10:08:26,nice,Positive,0.8616,Positive,Positive,True,,
VOC_0164,Robi,5,2025-10-05 10:14:17,GOOD,Positive,0.8592,Positive,Positive,True,,
VOC_0165,Banglalink,5,2026-06-16 01:47:59,naic,Negative,0.6075,Neutral,Negative,False,,
VOC_0166,Grameenphone,3,2025-09-04 11:08:24,"Good but a normal problem sill remains. The price of each offer should be low. So, the normal people can afford the offers.",Negative,0.4911,Negative,Neutral,False,,
VOC_0167,Banglalink,5,2026-04-05 22:48:04,nice,Positive,0.8616,Positive,Positive,True,,
VOC_0168,Banglalink,5,2026-04-14 12:05:37,Good & Savers App's,Positive,0.7769,Positive,Positive,True,,
VOC_0169,Robi,5,2026-06-21 14:54:15,আমাকে ১ জিবি করে ইন্টারনেট ফ্রিতে দিচ্ছে না কেন কিছু একটা সমস্যা দেখাচ্ছে,Negative,0.5882,Neutral,Negative,False,,
VOC_0170,Banglalink,5,2026-04-11 07:45:21,"jast wow,",Positive,0.4768,Neutral,Neutral,False,,
VOC_0171,Banglalink,5,2026-09-23 05:47:43,Eta onek valo app,Positive,0.7946,Positive,Positive,True,,
VOC_0172,Banglalink,5,2025-10-19 14:17:35,Good,Positive,0.8592,Positive,Positive,True,,
VOC_0173,Robi,3,2026-08-11 00:31:55,আফার কম,Negative,0.4463,Negative,Neutral,False,,
VOC_0174,Robi,5,2026-01-18 20:08:02,good 😊👍,Positive,0.8535,Positive,Positive,True,,
VOC_0175,Grameenphone,5,2026-04-06 12:18:15,so useful for buy data pack,Positive,0.621,Positive,Positive,True,,
VOC_0176,Grameenphone,5,2025-10-30 08:28:54,nice service,Positive,0.8415,Positive,Positive,True,,
VOC_0177,Robi,5,2025-10-01 00:10:28,good,Positive,0.8592,Positive,Positive,True,,
VOC_0178,Grameenphone,4,2026-08-09 11:37:03,কলরেট এবং ইন্টারনেট অফারের মূল্য কমানোর দাবী করছি।,Negative,0.7592,Negative,Negative,True,,
VOC_0179,Grameenphone,5,2025-09-22 05:37:53,Very fast and d response apps. features are well optimized,Positive,0.5978,Positive,Positive,True,,
VOC_0180,Banglalink,5,2026-04-08 14:10:43,nice app,Positive,0.8631,Positive,Positive,True,,
VOC_0181,Grameenphone,5,2026-07-19 23:38:47,fine app,Positive,0.5264,Positive,Neutral,False,,
VOC_0182,Banglalink,5,2025-10-19 21:25:33,যচঢথঢথ,Neutral,0.5305,Neutral,Neutral,True,,
VOC_0183,Robi,5,2026-05-26 22:03:49,ভালো,Positive,0.6494,Positive,Positive,True,,
VOC_0184,Robi,5,2026-03-09 02:33:09,good,Positive,0.8592,Positive,Positive,True,,
VOC_0185,Robi,5,2025-10-07 09:08:35,nice,Positive,0.8616,Positive,Positive,True,,
VOC_0186,Banglalink,3,2025-09-06 19:55:24,G the rhug,Positive,0.4124,Neutral,Neutral,False,,
VOC_0187,Banglalink,5,2025-10-21 20:09:13,wossam,Negative,0.4313,Neutral,Negative,False,,
VOC_0188,Robi,3,2026-08-08 16:01:52,old version is so smooth,Neutral,0.4067,Neutral,Neutral,True,,
VOC_0189,Banglalink,5,2026-01-26 14:17:40,i iove,Positive,0.6313,Positive,Positive,True,,
VOC_0190,Banglalink,5,2026-03-06 20:18:24,excellent,Positive,0.823,Positive,Positive,True,,
VOC_0191,Robi,5,2026-05-17 21:38:17,Nice,Positive,0.8616,Positive,Positive,True,,
VOC_0192,Robi,5,2026-09-08 23:13:21,🙂🙂🙂,Positive,0.5289,Positive,Neutral,False,,
VOC_0193,Grameenphone,5,2026-04-30 21:55:01,good,Positive,0.8592,Positive,Positive,True,,
VOC_0194,Banglalink,5,2026-06-16 04:44:42,"bendel packs, Call ret Loo price den very good.",Positive,0.5409,Positive,Positive,True,,
VOC_0195,Robi,4,2026-09-15 13:35:08,nice,Positive,0.8616,Positive,Positive,True,,
VOC_0196,Banglalink,5,2026-09-24 19:31:50,Very good app,Positive,0.8635,Positive,Positive,True,,
VOC_0197,Robi,1,2025-10-31 09:25:02,ভালো,Positive,0.6494,Positive,Positive,True,,
VOC_0198,Banglalink,5,2025-12-09 23:59:16,Exec lent,Positive,0.4806,Neutral,Positive,False,,
VOC_0199,Robi,4,2026-01-25 09:19:51,You're my permanent choice.,Positive,0.4062,Neutral,Negative,False,,
VOC_0200,Grameenphone,1,2026-03-06 11:09:42,need 1 day internet pac.,Neutral,0.6392,Positive,Neutral,False,,
VOC_0201,Grameenphone,5,2026-08-01 23:18:39,Recommended,Positive,0.4665,Neutral,Neutral,False,,
VOC_0202,Robi,5,2025-11-07 21:42:25,nice,Positive,0.8616,Positive,Positive,True,,
VOC_0203,Robi,5,2026-03-08 01:07:09,good,Positive,0.8592,Positive,Positive,True,,
VOC_0204,Grameenphone,5,2026-04-02 06:52:09,I can't get good offer in this seem,Negative,0.603,Negative,Negative,True,,
VOC_0205,Banglalink,5,2026-02-20 20:12:04,nice,Positive,0.8616,Positive,Positive,True,,
VOC_0206,Banglalink,2,2026-01-02 18:10:57,good,Positive,0.8592,Positive,Positive,True,,
VOC_0207,Banglalink,5,2026-09-27 05:02:52,good Apps,Positive,0.8612,Positive,Positive,True,,
VOC_0208,Banglalink,5,2025-11-10 22:10:31,best 👍,Positive,0.8478,Positive,Positive,True,,
VOC_0209,Banglalink,5,2026-08-03 15:31:33,nice,Positive,0.8616,Positive,Positive,True,,
VOC_0210,Robi,5,2025-10-30 07:55:10,valo,Positive,0.6461,Positive,Positive,True,,
VOC_0211,Robi,5,2026-02-13 00:37:22,not good,Positive,0.4602,Negative,Neutral,False,,
VOC_0212,Robi,5,2025-12-18 16:41:24,wonderful.,Positive,0.7418,Neutral,Positive,False,,
VOC_0213,Robi,5,2026-04-22 10:54:27,ভালোই চলে খারাপ না এমবির অফার ও ভালোই আছে,Negative,0.6385,Neutral,Negative,False,,
VOC_0214,Grameenphone,5,2026-01-31 08:45:51,Nc app,Positive,0.6478,Neutral,Positive,False,,
VOC_0215,Banglalink,5,2026-02-19 23:30:11,good,Positive,0.8592,Positive,Positive,True,,
VOC_0216,Grameenphone,1,2025-09-25 13:45:20,্্্গ,Positive,0.439,Neutral,Neutral,False,,
VOC_0217,Banglalink,5,2026-06-07 20:28:11,এমবি গুলোর দাম দামে কম মানে ভালো অনেক বেশি ব্যবহার করা জায়,Positive,0.4368,Neutral,Neutral,False,,
VOC_0218,Grameenphone,1,2026-05-07 16:00:32,offer price onek besi,Negative,0.6252,Negative,Negative,True,,
VOC_0219,Robi,5,2025-12-13 01:46:32,nc.🥰,Positive,0.5806,Neutral,Positive,False,,
VOC_0220,Grameenphone,5,2025-09-06 10:07:50,nice,Positive,0.8616,Positive,Positive,True,,
VOC_0221,Grameenphone,5,2025-09-25 15:03:20,ওয়েলকাম গ্রামীণফোন বাংলাদেশের এক নাম্বার নেটওয়ার্ক,Negative,0.5406,Negative,Negative,True,,
VOC_0222,Robi,1,2025-12-17 11:25:04,খুবি ভালো,Positive,0.7478,Positive,Positive,True,,
VOC_0223,Grameenphone,5,2026-06-09 23:47:46,গুড,Positive,0.5774,Positive,Positive,True,,
VOC_0224,Banglalink,4,2026-08-17 08:36:26,goddd,Positive,0.4787,Neutral,Neutral,False,,
VOC_0225,Banglalink,5,2026-06-26 15:01:43,beautifull,Positive,0.7249,Neutral,Positive,False,,
VOC_0226,Robi,5,2026-04-13 19:49:43,nice,Positive,0.8616,Positive,Positive,True,,
VOC_0227,Banglalink,5,2026-03-07 15:16:13,nise,Positive,0.56,Neutral,Positive,False,,
VOC_0228,Banglalink,1,2026-01-17 19:34:19,সব থেকে খারাপ ইন্টারনেট সার্ভিস দেয় বাংলালিংক সিম😑,Positive,0.4306,Neutral,Negative,False,,
VOC_0229,Grameenphone,5,2025-12-10 13:38:32,nice,Positive,0.8616,Positive,Positive,True,,
VOC_0230,Banglalink,5,2025-11-10 21:45:16,hoip valo,Neutral,0.4542,Positive,Neutral,False,,
VOC_0231,Grameenphone,1,2025-11-19 08:35:34,সিগনেচার গ্রাহক প্রতি ১০টাকায় ৬ জিপি পয়েন্ট পাওয়ার কথা পায়তাম গতমাস এর ২২-১০-২৫ তারিখ পর্যন্ত আজকে ১৯-১১-২৫ তারিখ এখনো পর্যন্ত আর কোন প্রকার জিপি পয়েন্ট পাওয়ার যাচ্ছে না কেন?চেক করে এপস আপডেট প্রয়োজন হলে খুব দ্রুত ঠিক করে দেন প্লিজ।,Negative,0.7738,Negative,Negative,True,,
VOC_0232,Robi,5,2025-11-23 21:00:27,একেবারে বাজে বাসায় ২জিও পায় না।,Negative,0.7858,Negative,Negative,True,,
VOC_0233,Banglalink,3,2026-01-15 22:28:10,Alhamdulillah ‘alaa kuli haal meaning All praises are for Allah in All conditions.,Positive,0.66,Positive,Positive,True,,
VOC_0234,Robi,5,2026-06-25 19:05:19,nice,Positive,0.8616,Positive,Positive,True,,
VOC_0235,Robi,5,2026-01-08 20:26:41,wownice,Positive,0.8177,Neutral,Positive,False,,
VOC_0236,Grameenphone,1,2026-09-03 00:37:21,good service operator,Positive,0.8125,Positive,Positive,True,,
VOC_0237,Robi,4,2025-10-03 08:22:33,Excellent Experience,Positive,0.8107,Positive,Positive,True,,
VOC_0238,Banglalink,5,2025-11-01 21:29:07,nice,Positive,0.8616,Positive,Positive,True,,
VOC_0239,Robi,5,2026-05-10 06:41:37,khub valo,Positive,0.6989,Positive,Positive,True,,
VOC_0240,Banglalink,4,2026-05-12 01:45:45,good,Positive,0.8592,Positive,Positive,True,,
VOC_0241,Robi,1,2026-04-16 19:47:46,Khoob bhaji avastha,Positive,0.5945,Neutral,Positive,False,,
VOC_0242,Banglalink,5,2026-06-19 18:11:49,চমৎকার,Positive,0.5551,Positive,Neutral,False,,
VOC_0243,Robi,5,2025-09-26 20:37:30,robi app best offer,Positive,0.8186,Positive,Positive,True,,
VOC_0244,Grameenphone,5,2026-05-14 20:53:18,নাইচ,Negative,0.6238,Neutral,Negative,False,,
VOC_0245,Grameenphone,5,2025-09-05 19:24:37,Subroto Paul,Neutral,0.3667,Neutral,Neutral,False,,
VOC_0246,Banglalink,5,2026-08-29 18:27:59,wonderfull,Positive,0.7468,Neutral,Positive,False,,
VOC_0247,Robi,5,2026-01-14 08:57:53,নাইচ,Negative,0.6238,Neutral,Negative,False,,
VOC_0248,Robi,5,2025-12-16 06:15:22,❤️❤️❤️,Positive,0.8018,Positive,Positive,True,,
VOC_0249,Grameenphone,3,2025-10-15 06:45:17,্তকপিব রাজ সসসটসসটটসটসষসটসটসট,Neutral,0.4299,Neutral,Neutral,True,,
VOC_0250,Grameenphone,5,2025-12-21 20:34:40,It is an useful app. I'm very happy to use this app,Positive,0.8141,Positive,Positive,True,,
VOC_0251,Grameenphone,1,2025-10-09 23:28:19,not good service,Positive,0.5771,Negative,Positive,False,,
VOC_0252,Grameenphone,5,2026-07-21 01:15:55,nice,Positive,0.8616,Positive,Positive,True,,
VOC_0253,Grameenphone,5,2025-09-03 21:58:05,darun app. network speed ostir,Positive,0.4857,Negative,Neutral,False,,
VOC_0254,Robi,5,2025-09-28 09:39:05,Well 😊,Positive,0.4991,Neutral,Neutral,False,,
VOC_0255,Grameenphone,4,2025-10-14 13:27:43,Good service,Positive,0.8477,Positive,Positive,True,,
VOC_0256,Grameenphone,5,2025-10-14 12:44:59,I will happily use thise app,Positive,0.7527,Positive,Positive,True,,
VOC_0257,Banglalink,5,2026-04-15 22:53:25,ওকে,Neutral,0.4404,Positive,Neutral,False,,
VOC_0258,Banglalink,5,2025-12-02 21:08:34,nice,Positive,0.8616,Positive,Positive,True,,
VOC_0259,Grameenphone,5,2025-09-27 16:56:04,good service,Positive,0.8477,Positive,Positive,True,,
VOC_0260,Banglalink,5,2026-06-08 04:03:32,Good app,Positive,0.86,Positive,Positive,True,,
VOC_0261,Banglalink,4,2026-06-24 23:10:32,this app very halpfull,Positive,0.8255,Positive,Positive,True,,
VOC_0262,Banglalink,5,2026-03-05 18:28:48,নাইচ,Negative,0.6238,Neutral,Negative,False,,
VOC_0263,Robi,1,2026-01-20 09:52:39,"good But some offers have very brief meanings that are not understood without detailed explanations, which often confuses us. I hope you will clarify this.",Negative,0.4626,Negative,Neutral,False,,
VOC_0264,Grameenphone,5,2026-01-11 13:35:54,out standing,Neutral,0.4469,Negative,Neutral,False,,
VOC_0265,Banglalink,5,2026-04-16 08:40:43,choto nbab,Negative,0.4506,Neutral,Neutral,False,,
VOC_0266,Robi,1,2025-09-17 19:38:13,ভালোই কিন্তু MBদাম টা একটু বেশি,Negative,0.576,Neutral,Negative,False,,
VOC_0267,Banglalink,5,2026-03-03 21:43:37,nice app,Positive,0.8631,Positive,Positive,True,,
VOC_0268,Grameenphone,5,2025-09-14 05:09:50,mithu,Neutral,0.4356,Neutral,Neutral,True,,
VOC_0269,Grameenphone,5,2025-10-07 22:37:21,has,Neutral,0.5417,Positive,Neutral,False,,
VOC_0270,Banglalink,5,2025-10-24 23:56:41,wow🌸,Positive,0.6211,Neutral,Positive,False,,
VOC_0271,Banglalink,3,2026-09-23 00:47:38,নাচ,Negative,0.7173,Neutral,Negative,False,,
VOC_0272,Banglalink,5,2026-03-12 20:29:31,গগজাহ,Positive,0.5,Neutral,Neutral,False,,
VOC_0273,Grameenphone,1,2026-02-09 19:13:04,useless internet offers,Negative,0.7591,Negative,Negative,True,,
VOC_0274,Grameenphone,2,2026-08-07 15:02:04,Good ofars,Positive,0.8218,Positive,Positive,True,,
VOC_0275,Banglalink,1,2025-12-16 10:10:09,Dhoner network banaiso vaia Sei hoise 👌🫶,Negative,0.4297,Neutral,Negative,False,,
VOC_0276,Robi,5,2025-10-23 20:20:24,vai ami notun sim offer cay seta kivabe nibo aktu boben,Neutral,0.5006,Neutral,Neutral,True,,
VOC_0277,Robi,5,2026-03-24 15:05:19,bad,Negative,0.6726,Negative,Negative,True,,
VOC_0278,Grameenphone,5,2026-08-21 23:44:16,"First time, I use this app...and this app is amazing. i love this app",Positive,0.7761,Positive,Positive,True,,
VOC_0279,Grameenphone,5,2025-08-28 19:17:02,MD.Bellal Hossai Nice,Positive,0.5745,Positive,Positive,True,,
VOC_0280,Robi,5,2026-01-15 00:01:29,internet & minute office are extra rate,Negative,0.5318,Negative,Negative,True,,
VOC_0281,Robi,3,2025-09-25 09:15:43,nice,Positive,0.8616,Positive,Positive,True,,
VOC_0282,Grameenphone,5,2026-05-04 19:20:49,Just excellent,Positive,0.8118,Positive,Positive,True,,
VOC_0283,Robi,5,2026-05-18 04:08:40,ভালো,Positive,0.6494,Positive,Positive,True,,
VOC_0284,Robi,5,2025-10-01 09:23:12,good,Positive,0.8592,Positive,Positive,True,,
VOC_0285,Banglalink,5,2026-01-25 00:45:45,ওকে,Neutral,0.4404,Positive,Neutral,False,,
VOC_0286,Robi,5,2025-11-21 15:45:19,ভালো,Positive,0.6494,Positive,Positive,True,,
VOC_0287,Banglalink,5,2025-10-21 10:37:30,Important,Positive,0.5744,Positive,Neutral,False,,
VOC_0288,Banglalink,5,2025-10-11 09:25:37,think you Very much,Positive,0.6179,Positive,Positive,True,,
VOC_0289,Grameenphone,5,2026-05-20 07:24:54,sundor app nice,Positive,0.8104,Positive,Positive,True,,
VOC_0290,Robi,5,2025-10-23 21:49:15,good apps,Positive,0.8612,Positive,Positive,True,,
VOC_0291,Banglalink,5,2026-03-15 23:49:53,very good,Positive,0.8625,Positive,Positive,True,,
VOC_0292,Grameenphone,5,2026-09-18 15:35:02,very good,Positive,0.8625,Positive,Positive,True,,
VOC_0293,Banglalink,5,2026-01-22 20:08:39,very good,Positive,0.8625,Positive,Positive,True,,
VOC_0294,Grameenphone,5,2026-04-11 22:09:50,very good,Positive,0.8625,Positive,Positive,True,,
VOC_0295,Grameenphone,5,2026-01-24 20:30:37,Awesome..💥,Positive,0.7645,Neutral,Positive,False,,
VOC_0296,Banglalink,5,2026-03-08 12:02:59,খুবি ভালো,Positive,0.7478,Positive,Positive,True,,
VOC_0297,Robi,1,2026-01-05 11:24:41,No Free Internet Offer,Negative,0.4533,Negative,Neutral,False,,
VOC_0298,Grameenphone,5,2025-11-29 16:51:40,darun....,Positive,0.5958,Neutral,Positive,False,,
VOC_0299,Robi,1,2026-06-22 19:54:36,Robi network onek fast kintu Valo Kono offer deki na kom price e.,Negative,0.6801,Positive,Negative,False,,
VOC_0300,Banglalink,3,2026-01-22 19:31:32,mullo beshi 😑,Positive,0.5604,Negative,Positive,False,,
VOC_0301,Grameenphone,1,2026-09-23 20:50:14,এক নম্বরের দুইনাম্বার এত দাম এমবি,Negative,0.5978,Negative,Negative,True,,
VOC_0302,Robi,5,2025-10-12 21:12:33,Robbie offer also time I like this,Positive,0.5848,Negative,Positive,False,,
VOC_0303,Robi,5,2025-11-01 02:32:09,Valo,Positive,0.6461,Positive,Positive,True,,
VOC_0304,Robi,1,2026-07-05 22:20:29,whay Root User detected???,Negative,0.4831,Neutral,Neutral,False,,
VOC_0305,Grameenphone,5,2025-09-11 11:49:05,good,Positive,0.8592,Positive,Positive,True,,
VOC_0306,Banglalink,5,2025-11-17 20:20:25,সুপার স্পিড,Negative,0.5958,Neutral,Negative,False,,
VOC_0307,Grameenphone,5,2025-12-06 11:54:15,absolute senama 🤧🤌,Neutral,0.3623,Neutral,Neutral,True,,
VOC_0308,Banglalink,5,2026-02-03 20:53:47,👍👍👍👍,Positive,0.6403,Positive,Positive,True,,
VOC_0309,Grameenphone,5,2026-08-31 22:54:25,valo,Positive,0.6461,Positive,Positive,True,,
VOC_0310,Grameenphone,5,2026-06-23 19:52:09,ভালো,Positive,0.6494,Positive,Positive,True,,
VOC_0311,Grameenphone,4,2026-01-09 20:46:31,Veri fine,Positive,0.4206,Neutral,Neutral,False,,
VOC_0312,Robi,5,2025-10-12 20:44:31,There are many benefits to Robi apps,Positive,0.6153,Negative,Positive,False,,
VOC_0313,Banglalink,5,2026-02-04 22:18:15,ওকো,Positive,0.4349,Neutral,Neutral,False,,
VOC_0314,Robi,5,2025-09-25 09:36:35,nice,Positive,0.8616,Positive,Positive,True,,
VOC_0315,Banglalink,5,2026-08-16 22:20:35,নাইচ,Negative,0.6238,Neutral,Negative,False,,
VOC_0316,Grameenphone,5,2026-01-24 13:00:23,Nise,Positive,0.56,Neutral,Positive,False,,
VOC_0317,Banglalink,5,2025-11-04 19:24:53,please cocin option enable,Neutral,0.6054,Neutral,Neutral,True,,
VOC_0318,Grameenphone,5,2026-03-25 23:28:41,very nice,Positive,0.8579,Positive,Positive,True,,
VOC_0319,Robi,5,2026-02-25 19:30:43,good,Positive,0.8592,Positive,Positive,True,,
VOC_0320,Robi,5,2026-06-13 13:43:15,Niec,Positive,0.6048,Neutral,Positive,False,,
VOC_0321,Grameenphone,3,2026-07-11 14:17:46,ওকে,Neutral,0.4404,Positive,Neutral,False,,
VOC_0322,Banglalink,5,2025-10-22 17:47:12,ভাল,Positive,0.5877,Positive,Positive,True,,
VOC_0323,Robi,5,2025-09-26 14:41:23,good,Positive,0.8592,Positive,Positive,True,,
VOC_0324,Robi,5,2026-06-27 05:26:23,valo,Positive,0.6461,Positive,Positive,True,,
VOC_0325,Banglalink,5,2026-04-12 13:37:31,SO FAST,Positive,0.7509,Positive,Positive,True,,
VOC_0326,Banglalink,5,2026-04-07 23:59:07,Eazy to use the application.. verry useful all the offer. Than u.,Positive,0.7142,Neutral,Positive,False,,
VOC_0327,Banglalink,5,2026-01-22 19:18:54,Beautiful offer,Positive,0.654,Neutral,Positive,False,,
VOC_0328,Banglalink,1,2026-05-27 00:04:06,নেটওয়ার্ক স্পিড যেমন হোক সমস্যা নায় তবে চাপায় মারাত্মক লেভেলের জোর থাকার নামই হচ্ছে বাংলালিংক। 😎,Negative,0.6123,Neutral,Negative,False,,
VOC_0329,Robi,5,2025-12-09 23:38:57,নাইস,Positive,0.5967,Positive,Positive,True,,
VOC_0330,Grameenphone,5,2025-08-31 12:32:39,সব থেকে বাজে এমবি দেয়,Negative,0.6295,Negative,Negative,True,,
VOC_0331,Banglalink,4,2025-11-10 21:59:32,"The app is good and easy to use. It helps to check balance, offers, and recharge quickly. But sometimes it loads a bit slow — hope it will improve soon.”",Negative,0.4173,Positive,Negative,False,,
VOC_0332,Grameenphone,5,2025-08-27 12:11:13,super,Positive,0.7451,Positive,Positive,True,,
VOC_0333,Grameenphone,5,2026-08-12 14:18:48,nise,Positive,0.56,Neutral,Positive,False,,
VOC_0334,Banglalink,5,2025-10-22 07:34:18,good app,Positive,0.86,Positive,Positive,True,,
VOC_0335,Banglalink,5,2026-08-10 15:47:48,আগুন অফার,Negative,0.5879,Neutral,Negative,False,,
VOC_0336,Robi,5,2025-09-10 19:42:54,shawonraj,Positive,0.4387,Neutral,Neutral,False,,
VOC_0337,Grameenphone,5,2026-06-05 22:14:03,good,Positive,0.8592,Positive,Positive,True,,
VOC_0338,Grameenphone,5,2025-09-07 20:27:34,nail,Negative,0.5723,Neutral,Negative,False,,
VOC_0339,Banglalink,5,2025-10-11 22:00:09,valo,Positive,0.6461,Positive,Positive,True,,
VOC_0340,Banglalink,5,2026-03-28 06:24:35,niceo,Positive,0.8345,Neutral,Positive,False,,
VOC_0341,Banglalink,1,2026-09-26 18:18:49,why did you remove fnf manage options from app? ussd is very oldschool at this fastest era! add the feature again in app.,Negative,0.5806,Negative,Negative,True,,
VOC_0342,Robi,5,2025-09-17 22:08:18,🫶🫶🫶🫶,Positive,0.465,Neutral,Neutral,False,,
VOC_0343,Banglalink,5,2025-11-10 21:30:16,nice apps,Positive,0.8584,Positive,Positive,True,,
VOC_0344,Grameenphone,5,2026-06-04 22:42:16,ঠিক ভালো,Positive,0.467,Positive,Neutral,False,,
VOC_0345,Banglalink,5,2026-02-02 20:23:50,nice 👍,Positive,0.8583,Positive,Positive,True,,
VOC_0346,Robi,5,2025-10-28 21:43:35,just owo,Positive,0.4955,Negative,Positive,False,,
VOC_0347,Robi,2,2026-03-02 17:30:04,nioe,Positive,0.5678,Neutral,Positive,False,,
VOC_0348,Grameenphone,5,2026-03-31 23:16:50,fantastic,Positive,0.6758,Positive,Positive,True,,
VOC_0349,Robi,5,2025-10-21 11:02:31,nice,Positive,0.8616,Positive,Positive,True,,
VOC_0350,Banglalink,4,2026-04-14 16:43:04,just for this logo,Positive,0.5729,Negative,Positive,False,,
VOC_0351,Grameenphone,1,2026-05-04 20:58:31,bad offer,Negative,0.6165,Negative,Negative,True,,
VOC_0352,Banglalink,5,2025-11-10 21:27:09,nc app,Positive,0.6478,Neutral,Positive,False,,
VOC_0353,Grameenphone,5,2026-04-23 10:55:24,Worth offer 🙂,Negative,0.4739,Neutral,Negative,False,,
VOC_0354,Robi,4,2025-09-25 12:31:40,Good,Positive,0.8592,Positive,Positive,True,,
VOC_0355,Robi,3,2026-01-18 17:41:40,resently it didn’t work well,Negative,0.4242,Neutral,Negative,False,,
VOC_0356,Grameenphone,1,2026-01-13 14:15:42,অফারের নামে ডাকাতির এ্যাপ,Negative,0.6524,Neutral,Negative,False,,
VOC_0357,Robi,5,2026-08-18 14:34:29,best,Positive,0.852,Positive,Positive,True,,
VOC_0358,Banglalink,5,2026-08-04 15:37:42,greatfull,Positive,0.8201,Neutral,Positive,False,,
VOC_0359,Banglalink,5,2026-08-28 20:57:26,nc app,Positive,0.6478,Neutral,Positive,False,,
VOC_0360,Robi,5,2025-10-25 23:59:05,very sweet of Robi at Bangladesh beautiful robier,Positive,0.6888,Neutral,Positive,False,,
VOC_0361,Grameenphone,5,2025-09-22 19:47:30,গতি মাসেও কিনে ছিলাম। অফারটি খুব ভালো।,Positive,0.5343,Negative,Neutral,False,,
VOC_0362,Robi,5,2026-07-13 03:06:36,নাইস এপপ,Positive,0.5962,Negative,Positive,False,,
VOC_0363,Grameenphone,5,2026-05-14 10:54:07,Excellent,Positive,0.823,Positive,Positive,True,,
VOC_0364,Grameenphone,5,2026-09-18 08:04:10,"এমবি, মিনিট রেট আরও কমাতে হবে",Neutral,0.5463,Negative,Neutral,False,,
VOC_0365,Banglalink,5,2026-09-01 08:15:02,best apps,Positive,0.8581,Positive,Positive,True,,
VOC_0366,Robi,5,2026-05-25 21:58:42,নাইস,Positive,0.5967,Positive,Positive,True,,
VOC_0367,Grameenphone,3,2025-09-01 08:49:15,ভালো,Positive,0.6494,Positive,Positive,True,,
VOC_0368,Banglalink,1,2026-08-03 19:56:41,নাইছ,Negative,0.6186,Neutral,Negative,False,,
VOC_0369,Banglalink,5,2026-04-09 00:15:14,good offers,Positive,0.8119,Positive,Positive,True,,
VOC_0370,Banglalink,5,2026-05-05 20:45:37,good,Positive,0.8592,Positive,Positive,True,,
VOC_0371,Robi,5,2026-05-15 22:17:31,Nice apps,Positive,0.8584,Positive,Positive,True,,
VOC_0372,Grameenphone,3,2026-05-25 18:20:26,"functional, user friendly but loaded with promotional contents that is irritating",Neutral,0.3998,Negative,Neutral,False,,
VOC_0373,Grameenphone,2,2026-03-11 06:44:46,All your packages are more expensive than other operators.,Negative,0.4945,Neutral,Neutral,False,,
VOC_0374,Banglalink,5,2026-06-16 15:52:24,"Alhamdulillah besh besh sabas taka aku komlei Bangla link best,,,@ambd_426",Positive,0.7775,Positive,Positive,True,,
VOC_0375,Banglalink,5,2026-07-04 08:53:21,এই আপ টা অনেক সুন্দর আপ ‌। এই আপ থেকে আমি অনেক অফার কিনেছি আমার মনে হয় এই আটটি আপনার ফোনের সেরা। আপ হতে পারে । বিস্যাস করে শুধু আগে 1বার ডাউনলোড করুণ ফোনে দেখবেন আপনার ও ভালো লাগবে আমাদের পরিবারে সবার ফোনে এই আপ রয়েছে এখানে পাবেন অফার অরেনজ ক্লাব থেকে কয়েন যা দিয়ে এমবি মিনিট আরো অনেক কিছু কিনতে পারবেন । কেউ কেউ আমাকে দালাল বলবেন কিন্তূ না এটা খুব অসাধারণ আপ । চাইলে এটা ডাউনলোড করতে পারেন। 😊😊😊😊😊😊😊😊😊😊😊😊,Negative,0.4334,Positive,Negative,False,,
VOC_0376,Banglalink,5,2026-06-30 15:34:07,nice,Positive,0.8616,Positive,Positive,True,,
VOC_0377,Robi,5,2026-06-25 23:49:03,nise,Positive,0.56,Neutral,Positive,False,,
VOC_0378,Robi,5,2025-12-08 13:01:49,need to add more minits,Neutral,0.7763,Neutral,Neutral,True,,
VOC_0379,Robi,5,2025-12-09 17:58:26,Nice,Positive,0.8616,Positive,Positive,True,,
VOC_0380,Robi,2,2025-12-21 09:54:58,nice,Positive,0.8616,Positive,Positive,True,,
VOC_0381,Robi,5,2026-08-19 07:23:32,nice 100000000 poaint give me,Positive,0.528,Positive,Neutral,False,,
VOC_0382,Banglalink,5,2026-03-23 13:24:45,osam,Positive,0.427,Neutral,Neutral,False,,
VOC_0383,Grameenphone,5,2026-04-26 13:30:03,শান্ত,Neutral,0.3993,Neutral,Neutral,False,,
VOC_0384,Robi,5,2025-09-26 20:23:53,chittgong dhika,Neutral,0.4262,Neutral,Neutral,True,,
VOC_0385,Banglalink,5,2026-01-12 19:26:07,nice,Positive,0.8616,Positive,Positive,True,,
VOC_0386,Banglalink,5,2026-03-19 11:37:49,নাইচ,Negative,0.6238,Neutral,Negative,False,,
VOC_0387,Grameenphone,5,2025-10-23 22:02:21,nice app ready to use and verry easy,Positive,0.8415,Positive,Positive,True,,
VOC_0388,Banglalink,5,2026-07-08 11:22:06,Nice,Positive,0.8616,Positive,Positive,True,,
VOC_0389,Grameenphone,5,2026-06-17 23:27:48,workable,Negative,0.5264,Neutral,Negative,False,,
VOC_0390,Robi,5,2025-10-14 07:21:13,Fine,Neutral,0.4924,Positive,Neutral,False,,
VOC_0391,Banglalink,5,2026-01-17 15:24:49,😍😍😍,Positive,0.6328,Positive,Positive,True,,
VOC_0392,Robi,5,2026-06-23 02:01:12,nice 👍,Positive,0.8583,Positive,Positive,True,,
VOC_0393,Robi,5,2025-11-30 17:59:05,skitto er moto hole r o valo hoyto,Neutral,0.4871,Negative,Neutral,False,,
VOC_0394,Banglalink,5,2026-01-17 20:57:56,its a vary baed,Positive,0.5348,Neutral,Positive,False,,
VOC_0395,Robi,5,2026-05-16 12:34:07,Speed impressed,Positive,0.5134,Neutral,Neutral,False,,
VOC_0396,Robi,5,2026-04-15 22:17:06,good,Positive,0.8592,Positive,Positive,True,,
VOC_0397,Banglalink,5,2025-09-24 20:18:36,hlw ki.holo,Negative,0.4001,Neutral,Neutral,False,,
VOC_0398,Robi,5,2026-05-15 21:05:11,এমবি কম দামে দিলে আমাদের জন্য ভালো হয় ধন্যবাদ রবি কোম্পানিকে,Positive,0.4992,Neutral,Neutral,False,,
VOC_0399,Banglalink,5,2025-10-18 16:11:33,good apps,Positive,0.8612,Positive,Positive,True,,
VOC_0400,Robi,4,2025-12-13 23:20:07,ভালো কিন্তু রবি ফ্যামিলি প্যাক অফারগুলো তিন মাস পর পর নেয়া যায় এটা আগের মত হলে ভালো হতো এক মাস পর পর,Negative,0.4242,Negative,Neutral,False,,
VOC_0401,Robi,5,2026-01-03 15:05:32,Very good,Positive,0.8625,Positive,Positive,True,,
VOC_0402,Robi,5,2025-10-25 11:12:52,ভালো,Positive,0.6494,Positive,Positive,True,,
VOC_0403,Grameenphone,5,2026-08-05 01:28:06,internet pack e Net surfing 10/10,Positive,0.4142,Negative,Negative,False,,
VOC_0404,Grameenphone,5,2026-06-15 07:39:13,Fine,Neutral,0.4924,Positive,Neutral,False,,
VOC_0405,Robi,5,2026-01-16 19:23:30,good,Positive,0.8592,Positive,Positive,True,,
VOC_0406,Robi,5,2025-09-12 21:13:35,Good,Positive,0.8592,Positive,Positive,True,,
VOC_0407,Robi,5,2025-09-25 01:16:47,best apps,Positive,0.8581,Positive,Positive,True,,
VOC_0408,Banglalink,4,2026-09-08 08:57:23,There are currently no good bundle pack internet minute pack offers on the Banglalink app.,Negative,0.6239,Negative,Negative,True,,
VOC_0409,Banglalink,5,2026-07-28 21:03:58,not bad 😔,Negative,0.6911,Neutral,Negative,False,,
VOC_0410,Grameenphone,5,2026-02-23 13:17:56,very gooda,Positive,0.7992,Neutral,Positive,False,,
VOC_0411,Robi,5,2026-01-14 09:25:30,♥️♥️♥️♥️,Positive,0.5836,Positive,Positive,True,,
VOC_0412,Banglalink,5,2026-07-05 11:08:17,good,Positive,0.8592,Positive,Positive,True,,
VOC_0413,Banglalink,5,2025-12-01 17:43:45,not bad,Negative,0.6749,Neutral,Negative,False,,
VOC_0414,Robi,5,2025-09-11 10:26:51,Rate bashi,Negative,0.4225,Neutral,Neutral,False,,
VOC_0415,Grameenphone,2,2025-09-10 21:32:43,hope more improve,Neutral,0.4748,Positive,Neutral,False,,
VOC_0416,Banglalink,1,2026-02-27 10:52:20,App crash,Negative,0.4864,Positive,Negative,False,,
VOC_0417,Grameenphone,5,2025-12-19 08:05:37,সেবা দেওয়া অসন্তুষ্ট ভালো কোন অফার নাই আমার,Negative,0.4748,Neutral,Negative,False,,
VOC_0418,Robi,5,2026-09-27 10:33:27,খুব ভাল,Positive,0.707,Positive,Positive,True,,
VOC_0419,Grameenphone,5,2025-10-29 13:31:07,আজিম,Neutral,0.4247,Neutral,Neutral,True,,
VOC_0420,Robi,5,2025-09-10 01:42:53,free,Neutral,0.5781,Positive,Neutral,False,,
VOC_0421,Banglalink,5,2026-04-12 11:38:35,nice 👍,Positive,0.8583,Positive,Positive,True,,
VOC_0422,Banglalink,5,2026-03-15 16:25:44,This is a gold app. I am very happy to use this app. Good offer are always available here.,Positive,0.7118,Positive,Positive,True,,
VOC_0423,Grameenphone,1,2026-05-14 20:02:50,অফার নাই,Negative,0.7627,Neutral,Negative,False,,
VOC_0424,Grameenphone,1,2026-04-11 11:34:32,this is literally a scam,Positive,0.5722,Negative,Positive,False,,
VOC_0425,Robi,5,2025-11-30 19:35:31,ভালো,Positive,0.6494,Positive,Positive,True,,
VOC_0426,Banglalink,5,2026-06-08 16:17:37,ভালো,Positive,0.6494,Positive,Positive,True,,
VOC_0427,Banglalink,5,2025-10-14 14:30:24,Good hope,Positive,0.6497,Positive,Positive,True,,
VOC_0428,Banglalink,5,2026-01-16 01:31:39,very nice ❤️❤️,Positive,0.8604,Positive,Positive,True,,
VOC_0429,Robi,5,2026-01-29 22:08:40,Dab Va,Negative,0.4278,Neutral,Neutral,False,,
VOC_0430,Robi,1,2026-02-12 08:29:30,good,Positive,0.8592,Positive,Positive,True,,
VOC_0431,Banglalink,5,2026-02-06 23:46:31,haapy for everything,Positive,0.6162,Neutral,Positive,False,,
VOC_0432,Grameenphone,5,2026-07-17 19:18:48,very good app.But a problem it i's not use without data.So many people suffering to buy internet data & talk time.we hope it is run without data.Thanks.,Neutral,0.4311,Neutral,Negative,False,,
VOC_0433,Robi,5,2025-12-30 12:20:30,noce,Negative,0.5268,Neutral,Negative,False,,
VOC_0434,Banglalink,5,2026-01-30 10:02:46,very good 👍,Positive,0.8606,Positive,Positive,True,,
VOC_0435,Robi,1,2025-11-11 21:06:50,offer price hi,Negative,0.4954,Neutral,Negative,False,,
VOC_0436,Grameenphone,4,2025-10-15 10:07:19,awesome,Positive,0.7771,Positive,Positive,True,,
VOC_0437,Grameenphone,1,2026-01-30 23:54:45,sala dakat eto tk diye eto kom mb dey,Negative,0.547,Neutral,Negative,False,,
VOC_0438,Robi,4,2025-09-16 20:13:54,could have been beter,Neutral,0.424,Negative,Neutral,False,,
VOC_0439,Robi,5,2025-09-25 19:51:51,SK ROHAN,Neutral,0.5687,Neutral,Neutral,True,,
VOC_0440,Grameenphone,5,2026-05-25 19:53:17,𝐠𝐨𝐨𝐝 𝐩𝐞𝐫𝐟𝐨𝐫𝐦𝐚𝐧𝐜𝐞,Positive,0.432,Neutral,Neutral,False,,
VOC_0441,Robi,5,2025-12-19 21:22:19,good offered,Positive,0.7056,Positive,Positive,True,,
VOC_0442,Grameenphone,1,2026-09-20 03:04:24,Your customer service is very poor. Your internet minutes are expensive. You can't pay them properly. Everything is poor.,Negative,0.825,Negative,Negative,True,,
VOC_0443,Grameenphone,5,2026-02-22 08:41:47,Quick service,Positive,0.6121,Positive,Positive,True,,
VOC_0444,Grameenphone,5,2025-09-12 17:56:20,good,Positive,0.8592,Positive,Positive,True,,
VOC_0445,Banglalink,5,2025-10-21 20:12:33,সেরা,Positive,0.7404,Positive,Positive,True,,
VOC_0446,Grameenphone,5,2026-02-02 21:31:40,vary nice,Positive,0.8259,Positive,Positive,True,,
VOC_0447,Banglalink,5,2026-06-13 21:53:27,Good,Positive,0.8592,Positive,Positive,True,,
VOC_0448,Grameenphone,4,2026-09-02 13:04:20,thanks for your advantage rate 😊,Positive,0.621,Positive,Positive,True,,
VOC_0449,Banglalink,5,2026-08-14 09:31:55,আৌশক,Positive,0.4186,Neutral,Neutral,False,,
VOC_0450,Grameenphone,5,2026-04-10 11:27:26,goot,Positive,0.654,Neutral,Positive,False,,
VOC_0451,Grameenphone,5,2026-04-10 13:16:24,অনেক সুন্দর ইন্টারনেট সার্ভিস দেয় একজন অসংখ্য ধন্যবাদ,Positive,0.7994,Positive,Positive,True,,
VOC_0452,Grameenphone,5,2025-09-26 07:42:24,good app,Positive,0.86,Positive,Positive,True,,
VOC_0453,Grameenphone,5,2026-03-12 14:48:08,Good,Positive,0.8592,Positive,Positive,True,,
VOC_0454,Grameenphone,1,2025-09-01 01:17:25,so many distractions worst app compare to others like robi Airtel,Negative,0.6191,Negative,Negative,True,,
VOC_0455,Grameenphone,1,2026-01-01 14:58:42,not good,Positive,0.4602,Negative,Neutral,False,,
VOC_0456,Banglalink,1,2025-12-10 10:50:29,বিকাশ নতুন আপডেট এন্ড্রোয়েড সিক্স সাপোর্ট করে। রকেট নগদ উপায় এন্ড্রোয়েড ফাইভ সাপোর্ট করে। বাংলালিংক অ্যাপ অ্যান্ড্রয়েড এইট সাপোর্ট করে। ডেভলপার এ চাচ্ছে যে বাংলালিংকের গ্রাহক কমে যাক। গ্রামীন ফোনের অ্যাপ এখন এন্ড্রোয়েড 5 সাপোর্ট করে। স্কুটি সিম এন্ড্রইড 5 সাপোর্ট করে। অ্যাপ ডেভলপার এ বাংলালিংক এ কি উন্নতি করতে চায় নাকি তলানিতে নিতে চাই।,Negative,0.4893,Negative,Negative,True,,
VOC_0457,Robi,5,2026-06-01 20:47:58,good,Positive,0.8592,Positive,Positive,True,,
VOC_0458,Robi,5,2026-02-16 08:35:00,গুড,Positive,0.5774,Positive,Positive,True,,
VOC_0459,Banglalink,5,2026-01-13 13:03:56,good,Positive,0.8592,Positive,Positive,True,,
VOC_0460,Robi,5,2026-06-24 14:07:16,অভিনন্দন,Positive,0.4938,Neutral,Neutral,False,,
VOC_0461,Grameenphone,5,2025-09-07 14:02:51,Very good,Positive,0.8625,Positive,Positive,True,,
VOC_0462,Grameenphone,4,2025-10-10 21:12:08,good service,Positive,0.8477,Positive,Positive,True,,
VOC_0463,Banglalink,5,2026-04-11 21:22:25,THE APP VERY GOOD,Positive,0.8575,Positive,Positive,True,,
VOC_0464,Robi,5,2026-02-21 23:00:55,nise,Positive,0.56,Neutral,Positive,False,,
VOC_0465,Banglalink,5,2026-03-17 08:36:43,disgusting your app,Negative,0.5998,Neutral,Negative,False,,
VOC_0466,Robi,5,2026-09-24 16:23:50,Increasing,Positive,0.4262,Negative,Neutral,False,,
VOC_0467,Grameenphone,4,2025-10-07 18:37:03,service is good but price is so expensive 😔,Negative,0.5427,Neutral,Negative,False,,
VOC_0468,Robi,5,2025-12-19 19:16:57,vari nice,Positive,0.8227,Positive,Positive,True,,
VOC_0469,Robi,5,2026-07-11 14:00:16,hnice,Positive,0.8263,Neutral,Positive,False,,
VOC_0470,Grameenphone,5,2026-08-12 19:50:10,good apps,Positive,0.8612,Positive,Positive,True,,
VOC_0471,Robi,5,2025-09-21 21:58:12,osam,Positive,0.427,Neutral,Neutral,False,,
VOC_0472,Robi,5,2026-07-03 12:52:38,আলহামদুলিল্লাহ্ ভলা ওফার,Positive,0.671,Neutral,Positive,False,,
VOC_0473,Banglalink,5,2026-04-14 14:38:38,good,Positive,0.8592,Positive,Positive,True,,
VOC_0474,Banglalink,5,2026-02-26 19:47:55,🇧🇩🇧🇩🇧🇩🇧🇩🥰🥰,Positive,0.5931,Neutral,Positive,False,,
VOC_0475,Banglalink,5,2025-10-24 23:01:08,এই অ্যাপসটা অনেক ভালো,Positive,0.81,Positive,Positive,True,,
VOC_0476,Banglalink,5,2026-06-10 14:30:06,nise,Positive,0.56,Neutral,Positive,False,,
VOC_0477,Banglalink,5,2026-01-28 17:25:03,নাইস,Positive,0.5967,Positive,Positive,True,,
VOC_0478,Banglalink,5,2026-02-09 21:24:10,good,Positive,0.8592,Positive,Positive,True,,
VOC_0479,Banglalink,1,2026-08-03 08:28:24,not smooth run Sometime hang.,Negative,0.6734,Negative,Negative,True,,
VOC_0480,Grameenphone,5,2026-02-16 19:44:22,nice,Positive,0.8616,Positive,Positive,True,,
VOC_0481,Banglalink,5,2025-10-21 18:17:27,স্টার,Neutral,0.4558,Neutral,Neutral,True,,
VOC_0482,Robi,5,2025-11-08 08:06:11,নাইছ,Negative,0.6186,Neutral,Negative,False,,
VOC_0483,Robi,5,2026-09-26 18:55:06,"📱 My Robi App 📱 Easy Management: Manage your Robi number and services from one app. 💰 Quick Recharge: Recharge your balance anytime, easily. 🎁 Special Offers: Discover different offers and packages available for you. 📊 Usage Tracking: Check your internet, minutes, and SMS usage. ⚡ Saves Time: Manage many mobile services without visiting a shop. 🇧🇩JAS Khãň",Positive,0.4364,Negative,Negative,False,,
VOC_0484,Robi,5,2026-03-25 08:32:49,good,Positive,0.8592,Positive,Positive,True,,
VOC_0485,Grameenphone,5,2026-06-01 17:38:17,App is good but thair plan is so expensive. I think the company should more concern about the plan prices.,Negative,0.4784,Negative,Neutral,False,,
VOC_0486,Banglalink,5,2025-11-10 21:43:09,excellent,Positive,0.823,Positive,Positive,True,,
VOC_0487,Robi,5,2026-07-04 16:08:03,Very good 👍,Positive,0.8606,Positive,Positive,True,,
VOC_0488,Robi,1,2025-09-30 19:49:30,"Mohammad Robel, কম দামে কিছুই পাওয়া যায় না",Negative,0.5085,Negative,Neutral,False,,
VOC_0489,Robi,5,2025-08-29 19:12:17,ভালো,Positive,0.6494,Positive,Positive,True,,
VOC_0490,Banglalink,5,2026-01-15 07:59:06,good,Positive,0.8592,Positive,Positive,True,,
VOC_0491,Banglalink,5,2026-05-18 09:22:06,naice apps,Negative,0.486,Positive,Positive,False,,
VOC_0492,Grameenphone,1,2025-10-04 18:18:34,ভালো,Positive,0.6494,Positive,Positive,True,,
VOC_0493,Grameenphone,5,2026-07-23 14:52:01,খুব ভালো ভাই,Positive,0.7271,Positive,Positive,True,,
VOC_0494,Banglalink,5,2026-05-21 23:42:02,nice,Positive,0.8616,Positive,Positive,True,,
VOC_0495,Banglalink,5,2025-11-07 01:25:41,supper,Positive,0.6428,Positive,Positive,True,,
VOC_0496,Grameenphone,5,2026-02-12 09:48:17,খুবি ভালো উদ্দেগ।,Positive,0.7459,Positive,Positive,True,,
VOC_0497,Robi,5,2025-12-10 18:11:13,nic,Positive,0.5926,Positive,Positive,True,,
VOC_0498,Grameenphone,5,2026-06-19 12:49:17,best,Positive,0.852,Positive,Positive,True,,
VOC_0499,Grameenphone,5,2026-07-31 17:46:32,good vibes,Positive,0.8233,Positive,Positive,True,,
VOC_0500,Robi,5,2026-02-26 10:59:18,Good,Positive,0.8592,Positive,Positive,True,,
VOC_0501,Banglalink,5,2026-06-02 22:58:23,nice 👍,Positive,0.8583,Positive,Positive,True,,
VOC_0502,Banglalink,5,2025-11-04 16:59:37,নেটওয়ার্ক আরও ভালো করুন গ্রামে,Neutral,0.4024,Neutral,Neutral,False,,
VOC_0503,Banglalink,5,2026-06-19 00:07:26,good,Positive,0.8592,Positive,Positive,True,,
VOC_0504,Grameenphone,1,2025-11-03 20:49:49,This gp is absolutely a waste of money.,Positive,0.4267,Negative,Negative,False,,
VOC_0505,Grameenphone,5,2025-09-03 12:24:22,It is very useful.,Positive,0.7757,Positive,Positive,True,,
VOC_0506,Robi,1,2026-05-17 09:09:16,this app is chiter cutting my balance 🥲,Negative,0.455,Neutral,Negative,False,,
VOC_0507,Robi,2,2026-08-27 12:22:57,osam,Positive,0.427,Neutral,Neutral,False,,
VOC_0508,Banglalink,5,2026-01-26 20:15:38,Good App,Positive,0.86,Positive,Positive,True,,
VOC_0509,Robi,5,2025-11-23 21:16:45,Very Good.,Positive,0.8367,Positive,Positive,True,,
VOC_0510,Banglalink,5,2026-01-18 00:21:06,Good Apps I am Satisfied.,Positive,0.8149,Positive,Positive,True,,
VOC_0511,Banglalink,5,2026-04-04 08:52:18,"Everything is fine, but it would be better if the MB offer was a little cheaper.",Neutral,0.526,Neutral,Neutral,True,,
VOC_0512,Banglalink,5,2026-04-06 10:52:57,best,Positive,0.852,Positive,Positive,True,,
VOC_0513,Robi,5,2025-12-17 17:18:21,nice,Positive,0.8616,Positive,Positive,True,,
VOC_0514,Banglalink,5,2026-01-22 19:15:07,Nic ap,Neutral,0.4731,Neutral,Neutral,True,,
VOC_0515,Robi,5,2026-08-16 10:08:11,nice,Positive,0.8616,Positive,Positive,True,,
VOC_0516,Grameenphone,2,2026-03-11 00:54:25,Too much ad and promotional offer make the app difficult to understand specially for older person. Make your app simple and clean just like other operators. Hope so you will take necessary steps.,Negative,0.389,Negative,Negative,False,,
VOC_0517,Grameenphone,3,2026-09-19 10:07:07,good,Positive,0.8592,Positive,Positive,True,,
VOC_0518,Robi,5,2026-04-03 01:34:58,নাইস অ্যাপস,Positive,0.7026,Positive,Positive,True,,
VOC_0519,Grameenphone,5,2025-09-16 09:20:18,কাজজডজডসজী,Negative,0.3485,Neutral,Neutral,False,,
VOC_0520,Robi,5,2026-04-18 12:56:08,ভালো ছিল ভবিষ্যতেও এমন অফার চাই,Neutral,0.4168,Neutral,Neutral,False,,
VOC_0521,Robi,5,2026-01-08 23:04:56,নাইছ,Negative,0.6186,Neutral,Negative,False,,
VOC_0522,Grameenphone,5,2025-10-02 11:04:07,অনেক সুন্দর,Positive,0.8477,Positive,Positive,True,,
VOC_0523,Grameenphone,5,2026-03-02 19:35:25,good,Positive,0.8592,Positive,Positive,True,,
VOC_0524,Grameenphone,1,2026-03-18 10:04:34,I want to get internet so I recharge money but they give me minute but I don't need it.😡😡😡😡,Neutral,0.5194,Negative,Neutral,False,,
VOC_0525,Grameenphone,5,2026-01-28 12:32:54,nice apps,Positive,0.8584,Positive,Positive,True,,
VOC_0526,Robi,5,2026-06-05 12:53:30,wow,Positive,0.693,Positive,Positive,True,,
VOC_0527,Banglalink,5,2026-08-29 19:19:43,thanks Bhai refer system korar jonno Ami 50 GB porjonnoto,Positive,0.5442,Positive,Positive,True,,
VOC_0528,Grameenphone,4,2025-10-01 20:56:30,ভালো অভিজ্ঞতা,Positive,0.5475,Positive,Neutral,False,,
VOC_0529,Banglalink,5,2026-05-14 21:29:50,This is good 👌🏻,Positive,0.8324,Positive,Positive,True,,
VOC_0530,Grameenphone,5,2026-03-06 11:35:00,alhamdulillah,Positive,0.7867,Positive,Positive,True,,
VOC_0531,Banglalink,5,2025-10-13 18:05:17,nicr,Positive,0.7626,Neutral,Positive,False,,
VOC_0532,Banglalink,3,2026-02-21 23:54:05,👍👍😍,Positive,0.6392,Positive,Positive,True,,
VOC_0533,Banglalink,5,2026-01-13 18:54:59,nice,Positive,0.8616,Positive,Positive,True,,
VOC_0534,Robi,5,2025-10-31 09:07:49,onek valo🤗,Positive,0.7769,Positive,Positive,True,,
VOC_0535,Robi,5,2026-04-09 16:04:02,Good work,Positive,0.8425,Positive,Positive,True,,
VOC_0536,Robi,5,2026-09-05 01:47:27,ভালো,Positive,0.6494,Positive,Positive,True,,
VOC_0537,Banglalink,5,2026-05-08 17:38:49,nice,Positive,0.8616,Positive,Positive,True,,
VOC_0538,Banglalink,4,2026-03-14 19:54:40,good,Positive,0.8592,Positive,Positive,True,,
VOC_0539,Grameenphone,5,2026-09-27 23:17:13,ope mygp,Positive,0.566,Positive,Positive,True,,
VOC_0540,Robi,5,2025-09-23 21:44:42,good,Positive,0.8592,Positive,Positive,True,,
VOC_0541,Robi,3,2026-02-14 20:35:00,খুবই ভাল,Positive,0.7674,Positive,Positive,True,,
VOC_0542,Grameenphone,5,2025-09-22 16:33:16,nixe,Positive,0.5482,Positive,Neutral,False,,
VOC_0543,Banglalink,5,2025-08-26 03:35:23,🤩🤩😇😇😇ভালো,Positive,0.5908,Positive,Positive,True,,
VOC_0544,Grameenphone,5,2026-03-31 14:38:45,good,Positive,0.8592,Positive,Positive,True,,
VOC_0545,Robi,5,2025-12-19 22:16:01,Lucky offer,Positive,0.401,Neutral,Neutral,False,,
VOC_0546,Grameenphone,1,2025-11-17 14:19:04,So bad,Negative,0.7179,Negative,Negative,True,,
VOC_0547,Banglalink,5,2025-10-23 21:31:48,nice,Positive,0.8616,Positive,Positive,True,,
VOC_0548,Grameenphone,5,2026-04-17 17:52:24,nice,Positive,0.8616,Positive,Positive,True,,
VOC_0549,Robi,5,2026-09-18 02:50:25,Done,Negative,0.6358,Neutral,Negative,False,,
VOC_0550,Robi,1,2026-03-05 19:02:15,ভালো তবে কম মেয়াদ কম,Neutral,0.7468,Neutral,Neutral,True,,
VOC_0551,Robi,5,2025-10-27 22:02:15,good,Positive,0.8592,Positive,Positive,True,,
VOC_0552,Banglalink,5,2026-08-07 09:23:22,well,Neutral,0.508,Neutral,Neutral,True,,
VOC_0553,Grameenphone,5,2025-10-26 21:21:12,nice,Positive,0.8616,Positive,Positive,True,,
VOC_0554,Banglalink,5,2025-10-15 18:05:04,RabbyMai,Negative,0.3853,Neutral,Neutral,False,,
VOC_0555,Banglalink,4,2026-01-26 21:44:21,নাইছ,Negative,0.6186,Neutral,Negative,False,,
VOC_0556,Banglalink,5,2026-08-28 10:45:07,nice,Positive,0.8616,Positive,Positive,True,,
VOC_0557,Grameenphone,5,2026-03-22 14:44:26,nice app,Positive,0.8631,Positive,Positive,True,,
VOC_0558,Banglalink,5,2026-01-20 10:33:35,Good for maintaining all things at once.,Positive,0.5246,Positive,Positive,False,,
VOC_0559,Banglalink,5,2025-10-23 14:01:14,৫০০,Neutral,0.4381,Neutral,Neutral,True,,
VOC_0560,Banglalink,4,2026-01-19 10:24:28,I'am using Banglalink numbe 22 years. Its services are good and friendly.,Positive,0.7835,Positive,Positive,True,,
VOC_0561,Grameenphone,5,2026-05-05 01:07:54,valo,Positive,0.6461,Positive,Positive,True,,
VOC_0562,Robi,3,2025-08-25 11:17:47,ভালো,Positive,0.6494,Positive,Positive,True,,
VOC_0563,Robi,5,2025-09-11 09:41:04,well,Neutral,0.508,Neutral,Neutral,True,,
VOC_0564,Robi,5,2025-12-14 15:55:54,"good, don't show sim's sms",Negative,0.5934,Negative,Negative,True,,
VOC_0565,Robi,5,2025-09-06 11:30:05,thinks,Positive,0.6657,Neutral,Positive,False,,
VOC_0566,Banglalink,5,2026-07-11 22:06:43,nice app,Positive,0.8631,Positive,Positive,True,,
VOC_0567,Robi,4,2025-11-23 17:44:43,আরো ভালো অফার দেয়া দরকার,Neutral,0.5412,Neutral,Neutral,True,,
VOC_0568,Grameenphone,5,2026-09-15 01:47:00,suit,Neutral,0.4965,Neutral,Neutral,True,,
VOC_0569,Robi,5,2026-09-08 09:55:12,good job,Positive,0.8294,Positive,Positive,True,,
VOC_0570,Robi,5,2026-06-08 00:13:39,ভালো কিন্তু সার্চ দিয়ে সব তথ্য পাওয়া যায় না সেগুলো আরো আপডেট করা উচিৎ.... ধন্যবাদ,Positive,0.3822,Negative,Neutral,False,,
VOC_0571,Grameenphone,4,2026-03-30 09:44:17,good,Positive,0.8592,Positive,Positive,True,,
VOC_0572,Robi,5,2026-01-15 20:22:40,Nice 👍💐,Positive,0.8611,Positive,Positive,True,,
VOC_0573,Robi,5,2025-11-23 12:05:58,Fine,Neutral,0.4924,Positive,Neutral,False,,
VOC_0574,Banglalink,5,2026-04-14 19:49:49,very good app,Positive,0.8635,Positive,Positive,True,,
VOC_0575,Grameenphone,5,2025-10-22 10:29:41,good,Positive,0.8592,Positive,Positive,True,,
VOC_0576,Banglalink,1,2026-06-10 17:05:58,not good at mb,Negative,0.383,Negative,Neutral,False,,
VOC_0577,Robi,5,2025-10-07 18:56:37,Nice Features,Positive,0.762,Positive,Positive,True,,
VOC_0578,Grameenphone,5,2026-03-20 10:37:31,Well,Neutral,0.508,Neutral,Neutral,True,,
VOC_0579,Banglalink,5,2026-07-31 19:38:29,very nice 👍,Positive,0.8588,Positive,Positive,True,,
VOC_0580,Grameenphone,5,2026-07-11 20:56:33,valo,Positive,0.6461,Positive,Positive,True,,
VOC_0581,Banglalink,5,2025-09-26 20:09:19,বাংলালিংক ইজ বেস্ট,Positive,0.5966,Positive,Positive,True,,
VOC_0582,Robi,5,2025-11-28 08:51:48,good,Positive,0.8592,Positive,Positive,True,,
VOC_0583,Robi,5,2026-06-19 11:24:12,রবি একটা অনেক সুন্দর,Positive,0.8338,Positive,Positive,True,,
VOC_0584,Banglalink,5,2025-10-08 21:59:59,fine,Neutral,0.4924,Positive,Neutral,False,,
VOC_0585,Banglalink,5,2026-01-13 18:38:13,🥰🥰🥰wow,Positive,0.6872,Neutral,Positive,False,,
VOC_0586,Grameenphone,5,2025-09-12 20:08:19,internet,Negative,0.3951,Neutral,Negative,False,,
VOC_0587,Grameenphone,5,2025-10-21 20:34:14,nice app mygp,Positive,0.8488,Positive,Positive,True,,
VOC_0588,Banglalink,5,2025-10-14 22:48:55,mb mint,Negative,0.5153,Negative,Negative,True,,
VOC_0589,Grameenphone,5,2025-12-01 05:47:11,useful,Positive,0.795,Positive,Positive,True,,
VOC_0590,Robi,5,2026-02-18 22:32:15,good,Positive,0.8592,Positive,Positive,True,,
VOC_0591,Banglalink,4,2025-11-08 22:14:50,"Good,but password login system is best,",Positive,0.4431,Negative,Neutral,False,,
VOC_0592,Banglalink,5,2026-05-17 08:24:30,good,Positive,0.8592,Positive,Positive,True,,
VOC_0593,Robi,5,2026-01-25 11:23:24,good apps,Positive,0.8612,Positive,Positive,True,,
VOC_0594,Grameenphone,5,2026-03-04 23:09:45,সব চেয়ে আমার এই সফটওয়্যার এর যে জিনিস টা ভালো লাগছে তা হইলো ibadah অপশন টা অনেক গুরুত্বপূর্ণ এবং বিস্তারিত সব কিছু আলাদা আলাদা করে দেওয়া আছে ।আলহামদুলিল্লাহ।,Positive,0.514,Negative,Positive,False,,
VOC_0595,Grameenphone,5,2025-12-18 19:33:21,nice apps,Positive,0.8584,Positive,Positive,True,,
VOC_0596,Grameenphone,5,2026-05-22 01:14:31,ওফাররে জন্য ধন্যবাদ,Positive,0.7054,Positive,Positive,True,,
VOC_0597,Grameenphone,1,2025-12-02 04:45:41,👎👎👎,Negative,0.3529,Neutral,Neutral,False,,
VOC_0598,Banglalink,5,2026-01-22 01:15:00,onk valo akta apps,Positive,0.6841,Positive,Positive,True,,
VOC_0599,Robi,5,2026-01-07 21:13:13,My Robi App Best,Positive,0.8481,Positive,Positive,True,,
VOC_0600,Grameenphone,1,2026-04-24 22:27:20,this is a scam types app,Positive,0.5563,Negative,Positive,False,,
